-1.215952875808172351e+00,-2.693196038657399427e-01,0.000000000000000000e+00,-0.000000000000000000e+00,0.000000000000000000e+00,9.839453803595715753e-01,-1.784698531098685981e-01
-1.239632163701849477e+00,-2.737277696648559577e-01,0.000000000000000000e+00,-0.000000000000000000e+00,0.000000000000000000e+00,9.742640778175731819e-01,-2.254096419283651287e-01
-1.379285868135371240e+00,-3.255592011873035818e-01,0.000000000000000000e+00,-0.000000000000000000e+00,0.000000000000000000e+00,9.825990014983507770e-01,-1.857396087388039074e-01
-1.179499175446194759e+00,-1.819154219846333964e-01,0.000000000000000000e+00,-0.000000000000000000e+00,0.000000000000000000e+00,9.726813994874138336e-01,-2.321441256874834103e-01
-1.352851912990052696e+00,-3.188134137912381205e-01,0.000000000000000000e+00,-0.000000000000000000e+00,0.000000000000000000e+00,9.762823269278947391e-01,-2.165013120705164829e-01
-1.470298550154669925e+00,-2.276062054564869097e-01,0.000000000000000000e+00,-0.000000000000000000e+00,0.000000000000000000e+00,9.833042619676187757e-01,-1.819690314210543058e-01
-1.399968988452759522e+00,-2.551435092609320443e-01,0.000000000000000000e+00,-0.000000000000000000e+00,0.000000000000000000e+00,9.831334044430960484e-01,-1.828898823558258446e-01
-1.267995870147379911e+00,-1.808917616900837522e-01,0.000000000000000000e+00,-0.000000000000000000e+00,0.000000000000000000e+00,9.827450195209014305e-01,-1.849654740941214515e-01
-1.338560495476168732e+00,-2.648873551554145056e-01,0.000000000000000000e+00,-0.000000000000000000e+00,0.000000000000000000e+00,9.797883657342056907e-01,-2.000368925270896991e-01
-1.281642463205687088e+00,-3.373295277399238068e-01,0.000000000000000000e+00,-0.000000000000000000e+00,0.000000000000000000e+00,9.814661371554248559e-01,-1.916356480856545585e-01
-1.382121084226572316e+00,-4.023548331378823950e-01,0.000000000000000000e+00,-0.000000000000000000e+00,0.000000000000000000e+00,9.759196140926048590e-01,-2.181304812018285688e-01
-1.132083109357841844e+00,-1.877045538013717152e-01,0.000000000000000000e+00,-0.000000000000000000e+00,0.000000000000000000e+00,9.792706694528447997e-01,-2.025560563137452363e-01
-1.304794844648240248e+00,-2.226473974815399437e-01,0.000000000000000000e+00,-0.000000000000000000e+00,0.000000000000000000e+00,9.770787766590589563e-01,-2.128780500719528179e-01
-1.352851912990052696e+00,-3.188134137912381205e-01,0.000000000000000000e+00,-0.000000000000000000e+00,0.000000000000000000e+00,9.762823269278947391e-01,-2.165013120705164829e-01
-1.080621783014658721e+00,-3.065808884298104608e-01,0.000000000000000000e+00,-0.000000000000000000e+00,0.000000000000000000e+00,9.768930428089803719e-01,-2.137287601410059468e-01
-1.231786272522545911e+00,-3.148678882495434816e-01,0.000000000000000000e+00,-0.000000000000000000e+00,0.000000000000000000e+00,9.802674150197245861e-01,-1.976759850122089823e-01
-1.233415043348701445e+00,-1.362499060894240832e-01,0.000000000000000000e+00,-0.000000000000000000e+00,0.000000000000000000e+00,9.805112458908834538e-01,-1.964629651652126940e-01
-1.167822258735514485e+00,-1.354930050950012288e-01,0.000000000000000000e+00,-0.000000000000000000e+00,0.000000000000000000e+00,9.776247732155528558e-01,-2.103563709404561721e-01
-1.218515609046839421e+00,-2.898784903349608810e-01,0.000000000000000000e+00,-0.000000000000000000e+00,0.000000000000000000e+00,9.801844059950034493e-01,-1.980871783943176923e-01
-1.188727751368636287e+00,-3.658861906066603331e-01,0.000000000000000000e+00,-0.000000000000000000e+00,0.000000000000000000e+00,9.770605688608567929e-01,-2.129616039977604292e-01
-1.294461609669296687e+00,-2.755215613317607559e-01,0.000000000000000000e+00,-0.000000000000000000e+00,0.000000000000000000e+00,9.782801335866965209e-01,-2.072871926328186676e-01
-1.252656907064195302e+00,-3.482791667056671092e-01,0.000000000000000000e+00,-0.000000000000000000e+00,0.000000000000000000e+00,9.808016559623171648e-01,-1.950079784562067375e-01
-1.332518982888103443e+00,-4.234798472855437756e-01,0.000000000000000000e+00,-0.000000000000000000e+00,0.000000000000000000e+00,9.684164916374180532e-01,-2.493381212824758719e-01
-1.256703019613986783e+00,-2.725663775256591537e-01,0.000000000000000000e+00,-0.000000000000000000e+00,0.000000000000000000e+00,9.811956800577277260e-01,-1.930156403923092290e-01
-1.090075785540255637e+00,-1.816995819453855465e-01,0.000000000000000000e+00,-0.000000000000000000e+00,0.000000000000000000e+00,9.771826900237566838e-01,-2.124005421790036152e-01
-1.210589312605372392e+00,-1.223392533720652764e-01,0.000000000000000000e+00,-0.000000000000000000e+00,0.000000000000000000e+00,9.830749653724982773e-01,-1.832037457528131741e-01
-1.181214702494586710e+00,-2.101367135861885171e-01,0.000000000000000000e+00,-0.000000000000000000e+00,0.000000000000000000e+00,9.791534256122034208e-01,-2.031220547156002143e-01
-1.269865874886939139e+00,-3.508854305884023805e-01,0.000000000000000000e+00,-0.000000000000000000e+00,0.000000000000000000e+00,9.769470676599093517e-01,-2.134816783489968395e-01
-1.340089657605689766e+00,-3.146291284568388247e-01,0.000000000000000000e+00,-0.000000000000000000e+00,0.000000000000000000e+00,9.748315710756456642e-01,-2.229426115263487551e-01
-1.379285868135371240e+00,-3.255592011873035818e-01,0.000000000000000000e+00,-0.000000000000000000e+00,0.000000000000000000e+00,9.825990014983507770e-01,-1.857396087388039074e-01
-1.088403247325852696e+00,-2.143823494918917494e-01,0.000000000000000000e+00,-0.000000000000000000e+00,0.000000000000000000e+00,9.725588958605346779e-01,-2.326568161102046672e-01
-1.434859735863031505e+00,-3.496757260050008531e-01,0.000000000000000000e+00,-0.000000000000000000e+00,0.000000000000000000e+00,9.819841486167210087e-01,-1.889633082518759888e-01
-1.201563540098373517e+00,-2.099986985384150184e-01,0.000000000000000000e+00,-0.000000000000000000e+00,0.000000000000000000e+00,9.767804994532910401e-01,-2.142425165269005172e-01
-1.288252524607543581e+00,-3.946944862498534823e-01,0.000000000000000000e+00,-0.000000000000000000e+00,0.000000000000000000e+00,9.734028323946463113e-01,-2.291002529157923351e-01
-1.222480866793641319e+00,-3.308263969410857874e-01,0.000000000000000000e+00,-0.000000000000000000e+00,0.000000000000000000e+00,9.748871766759673596e-01,-2.226993326275611695e-01
-1.208916178033375255e+00,-1.876118654262767249e-01,0.000000000000000000e+00,-0.000000000000000000e+00,0.000000000000000000e+00,9.799281420036630719e-01,-1.993510383952106224e-01
-1.213484521870239696e+00,-1.230215121577146742e-01,0.000000000000000000e+00,-0.000000000000000000e+00,0.000000000000000000e+00,9.897067504539022176e-01,-1.431102655506489019e-01
-1.294503533673634355e+00,-2.780983033942726612e-01,0.000000000000000000e+00,-0.000000000000000000e+00,0.000000000000000000e+00,9.796098959003164408e-01,-2.009090636436575705e-01
-1.245272853156450754e+00,-2.334427455838281595e-01,0.000000000000000000e+00,-0.000000000000000000e+00,0.000000000000000000e+00,9.785693167919750080e-01,-2.059176831486000114e-01
-1.225296440005931409e+00,-3.130228381951722372e-01,0.000000000000000000e+00,-0.000000000000000000e+00,0.000000000000000000e+00,9.706235533562861395e-01,-2.406032370314597213e-01
-1.199982096707332024e+00,-1.890536406021824378e-01,0.000000000000000000e+00,-0.000000000000000000e+00,0.000000000000000000e+00,9.841186434776696412e-01,-1.775119589201565040e-01
-1.310033478198386447e+00,-3.199455874413337231e-01,0.000000000000000000e+00,-0.000000000000000000e+00,0.000000000000000000e+00,9.805953425880843399e-01,-1.960427863874554533e-01
-1.463752310821448077e+00,-3.836910793325402080e-01,0.000000000000000000e+00,-0.000000000000000000e+00,0.000000000000000000e+00,9.756080696068637481e-01,-2.195196905017152422e-01
-1.256890161970647402e+00,-2.761165624255713658e-01,0.000000000000000000e+00,-0.000000000000000000e+00,0.000000000000000000e+00,9.815830243805506727e-01,-1.910360338991870244e-01
-1.423186067827440171e+00,-2.444378500282267941e-01,0.000000000000000000e+00,-0.000000000000000000e+00,0.000000000000000000e+00,9.769699896705632547e-01,-2.133767543175671688e-01
-1.263577518274312972e+00,-3.282422007462448832e-01,0.000000000000000000e+00,-0.000000000000000000e+00,0.000000000000000000e+00,9.824974734654670083e-01,-1.862759099668394036e-01
-1.084393622421726100e+00,-2.176288297589457077e-01,0.000000000000000000e+00,-0.000000000000000000e+00,0.000000000000000000e+00,9.756593244547832056e-01,-2.192917750496723994e-01
-1.514597791495985613e+00,-3.805635515618888132e-01,0.000000000000000000e+00,-0.000000000000000000e+00,0.000000000000000000e+00,9.740044655574693344e-01,-2.265288084860477003e-01
-1.263998997914630884e+00,-1.378845016022457459e-01,0.000000000000000000e+00,-0.000000000000000000e+00,0.000000000000000000e+00,9.812510972224617323e-01,-1.927337131892471744e-01
-1.262932215979560846e+00,-3.603330765663537716e-01,0.000000000000000000e+00,-0.000000000000000000e+00,0.000000000000000000e+00,9.825550806934478798e-01,-1.859718080879255719e-01
-1.375334977715327200e+00,-3.740119569937346289e-01,0.000000000000000000e+00,-0.000000000000000000e+00,0.000000000000000000e+00,9.769447071549545170e-01,-2.134924803404564253e-01
-1.350726479667833102e+00,-1.973895333998101909e-01,0.000000000000000000e+00,-0.000000000000000000e+00,0.000000000000000000e+00,9.812543100072523838e-01,-1.927173554514252651e-01
-1.334716026486654661e+00,-2.737790749882148544e-01,0.000000000000000000e+00,-0.000000000000000000e+00,0.000000000000000000e+00,9.773988027559232794e-01,-2.114038324422900517e-01
-1.174758413053744066e+00,-3.511771935344421558e-01,0.000000000000000000e+00,-0.000000000000000000e+00,0.000000000000000000e+00,9.700350533926727081e-01,-2.429650081585300048e-01
-1.290726940531661482e+00,-1.423176506785139295e-01,0.000000000000000000e+00,-0.000000000000000000e+00,0.000000000000000000e+00,9.855646767148523724e-01,-1.692993443931442021e-01
-1.337485922060621224e+00,-2.443226926410818067e-01,0.000000000000000000e+00,-0.000000000000000000e+00,0.000000000000000000e+00,9.802763403946737064e-01,-1.976317192720485061e-01
-1.331329039459984154e+00,-2.978275468783914137e-01,0.000000000000000000e+00,-0.000000000000000000e+00,0.000000000000000000e+00,9.807925814328527503e-01,-1.950536136714233482e-01
-1.059395566626925911e+00,-2.846023856120745155e-01,0.000000000000000000e+00,-0.000000000000000000e+00,0.000000000000000000e+00,9.739974278389664786e-01,-2.265590663890484913e-01
-1.168554259074658486e+00,-2.595764417035628657e-01,0.000000000000000000e+00,-0.000000000000000000e+00,0.000000000000000000e+00,9.798426402964108828e-01,-1.997708693903049726e-01
-1.256986399015827205e+00,-3.089308721017190451e-01,0.000000000000000000e+00,-0.000000000000000000e+00,0.000000000000000000e+00,9.810461715134048966e-01,-1.937741194248887022e-01
-1.344955689347563821e+00,-8.913246092854587577e-02,0.000000000000000000e+00,-0.000000000000000000e+00,0.000000000000000000e+00,9.881387072699678864e-01,-1.535639775300074727e-01
-1.200801279293570056e+00,-1.989424279166390197e-01,0.000000000000000000e+00,-0.000000000000000000e+00,0.000000000000000000e+00,9.762858984998412648e-01,-2.164852059387840089e-01
-1.120724864026598544e+00,-2.349006933242270834e-01,0.000000000000000000e+00,-0.000000000000000000e+00,0.000000000000000000e+00,9.763284403906528075e-01,-2.162932649999891876e-01
-1.193728838834021699e+00,-3.453248234492466984e-01,0.000000000000000000e+00,-0.000000000000000000e+00,0.000000000000000000e+00,9.767411758022517265e-01,-2.144217234620473811e-01
-1.212564170639438998e+00,-2.998332381090472176e-01,0.000000000000000000e+00,-0.000000000000000000e+00,0.000000000000000000e+00,9.722642581666862682e-01,-2.338850407605908011e-01
-1.271551119338185210e+00,-2.636749510858692469e-01,0.000000000000000000e+00,-0.000000000000000000e+00,0.000000000000000000e+00,9.809646625801549114e-01,-1.941863300260933956e-01
-1.247020950622128810e+00,-3.153430124736602558e-01,0.000000000000000000e+00,-0.000000000000000000e+00,0.000000000000000000e+00,9.792643534507420311e-01,-2.025865890445373019e-01
-1.064160577455756096e+00,-2.744847724599198124e-01,0.000000000000000000e+00,-0.000000000000000000e+00,0.000000000000000000e+00,9.678669161043255142e-01,-2.514629847725158851e-01
-1.421018516166002055e+00,-3.468269276855909800e-01,0.000000000000000000e+00,-0.000000000000000000e+00,0.000000000000000000e+00,9.776582330493354123e-01,-2.102008072078969114e-01
-1.325933009670690943e+00,-2.243090006428951622e-01,0.000000000000000000e+00,-0.000000000000000000e+00,0.000000000000000000e+00,9.811310984317189732e-01,-1.933436517969196744e-01
-1.346776282180803364e+00,-1.209698989418080128e-01,0.000000000000000000e+00,-0.000000000000000000e+00,0.000000000000000000e+00,9.870696467667603446e-01,-1.602919599722424926e-01
-1.298590537970737646e+00,-3.174285356673813840e-01,0.000000000000000000e+00,-0.000000000000000000e+00,0.000000000000000000e+00,9.773394920810511977e-01,-2.116778619004661688e-01
-1.293949249597108553e+00,-1.882133899225231777e-01,0.000000000000000000e+00,-0.000000000000000000e+00,0.000000000000000000e+00,9.841152600598871425e-01,-1.775307154192219128e-01
-1.296322329690142272e+00,-3.627973308351893911e-01,0.000000000000000000e+00,-0.000000000000000000e+00,0.000000000000000000e+00,9.789260546702742705e-01,-2.042150324723698840e-01
-1.201843295308521853e+00,-1.823096474425867086e-01,0.000000000000000000e+00,-0.000000000000000000e+00,0.000000000000000000e+00,9.835389338184014063e-01,-1.806963355006468153e-01
-1.190046018013626750e+00,-2.402496172657715978e-01,0.000000000000000000e+00,-0.000000000000000000e+00,0.000000000000000000e+00,9.743903511241326365e-01,-2.248631664728341362e-01
-1.318260765099619869e+00,-3.566876972080628705e-01,0.000000000000000000e+00,-0.000000000000000000e+00,0.000000000000000000e+00,9.714919848749485887e-01,-2.370724010165092543e-01
-1.226667528168919885e+00,-2.722850865204616833e-01,0.000000000000000000e+00,-0.000000000000000000e+00,0.000000000000000000e+00,9.831781411108424518e-01,-1.826492344408492119e-01
-1.174064292436417745e+00,-3.540075320706052575e-01,0.000000000000000000e+00,-0.000000000000000000e+00,0.000000000000000000e+00,9.730181380623416088e-01,-2.307286349842470607e-01
-1.201291068594189326e+00,-3.393045019019556019e-01,0.000000000000000000e+00,-0.000000000000000000e+00,0.000000000000000000e+00,9.755223283771098375e-01,-2.199004020862677655e-01
-1.337053457971108195e+00,-1.597965614982866933e-01,0.000000000000000000e+00,-0.000000000000000000e+00,0.000000000000000000e+00,9.875577579906995584e-01,-1.572567156988305404e-01
-1.263750258851449981e+00,-1.935956199248523579e-01,0.000000000000000000e+00,-0.000000000000000000e+00,0.000000000000000000e+00,9.830354777135947852e-01,-1.834155106756364395e-01
-1.319492175508807374e+00,-2.178113279212406939e-01,0.000000000000000000e+00,-0.000000000000000000e+00,0.000000000000000000e+00,9.815971539668466583e-01,-1.909634188115270081e-01
-1.470298550154669925e+00,-2.276062054564869097e-01,0.000000000000000000e+00,-0.000000000000000000e+00,0.000000000000000000e+00,9.833042619676187757e-01,-1.819690314210543058e-01
-1.101075595431522780e+00,-3.480242113860791964e-01,0.000000000000000000e+00,-0.000000000000000000e+00,0.000000000000000000e+00,9.729116392227686871e-01,-2.311772961708507823e-01
-1.314411163396202342e+00,-2.717551988229947035e-01,0.000000000000000000e+00,-0.000000000000000000e+00,0.000000000000000000e+00,9.796321087461087318e-01,-2.008007258792961491e-01
-1.352851912990052696e+00,-3.188134137912381205e-01,0.000000000000000000e+00,-0.000000000000000000e+00,0.000000000000000000e+00,9.762823269278947391e-01,-2.165013120705164829e-01
-1.219486780183275387e+00,-2.933488151275140954e-01,0.000000000000000000e+00,-0.000000000000000000e+00,0.000000000000000000e+00,9.775701487809270729e-01,-2.106100762367176804e-01
-1.132786097939629366e+00,-1.253419445389102604e-01,0.000000000000000000e+00,-0.000000000000000000e+00,0.000000000000000000e+00,9.750521122563285958e-01,-2.219760761534266824e-01
-1.398149071020994505e+00,-2.568002007671664755e-01,0.000000000000000000e+00,-0.000000000000000000e+00,0.000000000000000000e+00,9.863706822971760602e-01,-1.645383757808597525e-01
-1.345370781165076579e+00,-3.342824391330373457e-01,0.000000000000000000e+00,-0.000000000000000000e+00,0.000000000000000000e+00,9.687413991534646884e-01,-2.480727747379538051e-01
-1.124434570113604703e+00,-1.321829223436938872e-01,0.000000000000000000e+00,-0.000000000000000000e+00,0.000000000000000000e+00,9.770630713605984452e-01,-2.129501222901598323e-01
-1.236226961937632929e+00,-4.156522859327215769e-01,0.000000000000000000e+00,-0.000000000000000000e+00,0.000000000000000000e+00,9.741287490103924807e-01,-2.259937617533894494e-01
-1.211051927423019592e+00,-1.395521868483541317e-01,0.000000000000000000e+00,-0.000000000000000000e+00,0.000000000000000000e+00,9.874061063995558385e-01,-1.582061346625630305e-01
-1.314545918250152878e+00,-3.097469621105230497e-01,0.000000000000000000e+00,-0.000000000000000000e+00,0.000000000000000000e+00,9.781368647530789273e-01,-2.079621932251558836e-01
-1.115829879884857601e+00,-3.188241008629162931e-01,0.000000000000000000e+00,-0.000000000000000000e+00,0.000000000000000000e+00,9.732315104623108226e-01,-2.298269502109119566e-01
-1.325933009670690943e+00,-2.243090006428951622e-01,0.000000000000000000e+00,-0.000000000000000000e+00,0.000000000000000000e+00,9.811310984317189732e-01,-1.933436517969196744e-01
-1.326666732823331252e+00,-2.204495461479734075e-01,0.000000000000000000e+00,-0.000000000000000000e+00,0.000000000000000000e+00,9.833087017392608820e-01,-1.819450386348838711e-01
-1.198903680718612197e+00,-3.655936650490194118e-01,0.000000000000000000e+00,-0.000000000000000000e+00,0.000000000000000000e+00,9.764743000998307165e-01,-2.156338128507346574e-01
-1.037061713579347622e+00,-2.744059189900299178e-01,0.000000000000000000e+00,-0.000000000000000000e+00,0.000000000000000000e+00,9.760154883023204331e-01,-2.177010946090600363e-01
-1.182815758324757160e+00,-2.762247897268069741e-01,0.000000000000000000e+00,-0.000000000000000000e+00,0.000000000000000000e+00,9.760349932219077873e-01,-2.176136301023225694e-01
-1.272713699656005559e+00,-4.188553308276096176e-01,0.000000000000000000e+00,-0.000000000000000000e+00,0.000000000000000000e+00,9.711534260888107228e-01,-2.384554947908830436e-01
-1.272517584072912822e+00,-1.746919915874867169e-01,0.000000000000000000e+00,-0.000000000000000000e+00,0.000000000000000000e+00,9.854338849577223280e-01,-1.700589849938263509e-01
-1.153057484744870909e+00,-2.084301383783901673e-01,0.000000000000000000e+00,-0.000000000000000000e+00,0.000000000000000000e+00,9.757656539577165278e-01,-2.188181632234168783e-01
-1.222322781506013811e+00,-3.106700991209356832e-01,0.000000000000000000e+00,-0.000000000000000000e+00,0.000000000000000000e+00,9.794532720665174441e-01,-2.016712370126009235e-01
-1.143590211451977368e+00,-2.317883166153171803e-01,0.000000000000000000e+00,-0.000000000000000000e+00,0.000000000000000000e+00,9.735796971588951410e-01,-2.283474836296516264e-01
-1.209199051186866658e+00,-1.416503217138208037e-01,0.000000000000000000e+00,-0.000000000000000000e+00,0.000000000000000000e+00,9.805570236441423226e-01,-1.962343583120471635e-01
-1.119158598294896834e+00,-9.976353578220449603e-02,0.000000000000000000e+00,-0.000000000000000000e+00,0.000000000000000000e+00,9.810300261030546753e-01,-1.938558430490034123e-01
-1.293734945716325191e+00,-3.650110778959433228e-02,0.000000000000000000e+00,-0.000000000000000000e+00,0.000000000000000000e+00,9.912018060109092366e-01,-1.323592828656601772e-01
-1.078961102215298284e+00,-2.354178034851408807e-01,0.000000000000000000e+00,-0.000000000000000000e+00,0.000000000000000000e+00,9.714407086902880906e-01,-2.372824256014565980e-01
-1.374475487773790139e+00,-3.620575543870415136e-01,0.000000000000000000e+00,-0.000000000000000000e+00,0.000000000000000000e+00,9.815288930750099006e-01,-1.913139620073396885e-01
-1.220199851469069952e+00,-3.723892814846682109e-01,0.000000000000000000e+00,-0.000000000000000000e+00,0.000000000000000000e+00,9.654080584055846348e-01,-2.607437070488168307e-01
-1.093148338181545220e+00,-3.047709368286165565e-01,0.000000000000000000e+00,-0.000000000000000000e+00,0.000000000000000000e+00,9.733784939895794297e-01,-2.292036374898492601e-01
-1.321330925610077589e+00,-1.191241346348376334e-01,0.000000000000000000e+00,-0.000000000000000000e+00,0.000000000000000000e+00,9.861380980458428480e-01,-1.659266451855384295e-01
-1.198609591804066010e+00,-2.396276930825473328e-01,0.000000000000000000e+00,-0.000000000000000000e+00,0.000000000000000000e+00,9.802146142438820098e-01,-1.979376417529458976e-01
-1.099752360535437345e+00,-1.766059478120690363e-01,0.000000000000000000e+00,-0.000000000000000000e+00,0.000000000000000000e+00,9.790323724703463570e-01,-2.037047217299713942e-01
-1.082576177262006611e+00,-1.586036308062091227e-01,0.000000000000000000e+00,-0.000000000000000000e+00,0.000000000000000000e+00,9.801633263509023086e-01,-1.981914571234958677e-01
-1.139671614000292932e+00,-1.578760470814047356e-01,0.000000000000000000e+00,-0.000000000000000000e+00,0.000000000000000000e+00,9.785756023328211484e-01,-2.058878105157179728e-01
-1.340774121741698188e+00,-4.301585674348540334e-01,0.000000000000000000e+00,-0.000000000000000000e+00,0.000000000000000000e+00,9.784522037847612763e-01,-2.064734484352505894e-01
-1.257042065566154498e+00,-1.175191035372281506e-01,0.000000000000000000e+00,-0.000000000000000000e+00,0.000000000000000000e+00,9.801632384646079554e-01,-1.981918917679832970e-01
-1.207300280137196591e+00,-2.765815207324891500e-01,0.000000000000000000e+00,-0.000000000000000000e+00,0.000000000000000000e+00,9.723695729203153393e-01,-2.334468111985329442e-01
-1.202683502934054349e+00,-2.047523952689199178e-01,0.000000000000000000e+00,-0.000000000000000000e+00,0.000000000000000000e+00,9.798613828608313536e-01,-1.996789182113608285e-01
-1.198197058059649711e+00,-8.814221958198581452e-02,0.000000000000000000e+00,-0.000000000000000000e+00,0.000000000000000000e+00,9.800653772297903688e-01,-1.986752535053843693e-01
-1.219486780183275387e+00,-2.933488151275140954e-01,0.000000000000000000e+00,-0.000000000000000000e+00,0.000000000000000000e+00,9.775701487809270729e-01,-2.106100762367176804e-01
-1.218515609046839421e+00,-2.898784903349608810e-01,0.000000000000000000e+00,-0.000000000000000000e+00,0.000000000000000000e+00,9.801844059950034493e-01,-1.980871783943176923e-01
-1.050496195922034470e+00,-2.648899540838888789e-01,0.000000000000000000e+00,-0.000000000000000000e+00,0.000000000000000000e+00,9.777088523997284897e-01,-2.099652350728709038e-01
-1.418144408870921191e+00,-3.645676205641358858e-01,0.000000000000000000e+00,-0.000000000000000000e+00,0.000000000000000000e+00,9.768756283188577694e-01,-2.138083412700191033e-01
-1.200801279293570056e+00,-1.989424279166390197e-01,0.000000000000000000e+00,-0.000000000000000000e+00,0.000000000000000000e+00,9.762858984998412648e-01,-2.164852059387840089e-01
-1.206086360863874107e+00,-2.824321563807690172e-01,0.000000000000000000e+00,-0.000000000000000000e+00,0.000000000000000000e+00,9.767619970256011808e-01,-2.143268559153507502e-01
-1.218429376290961041e+00,-8.926928877678493024e-02,0.000000000000000000e+00,-0.000000000000000000e+00,0.000000000000000000e+00,9.872245579848090147e-01,-1.593350937857023197e-01
-1.291757319905284973e+00,-3.335924479294636313e-01,0.000000000000000000e+00,-0.000000000000000000e+00,0.000000000000000000e+00,9.750739503015137810e-01,-2.218801285455752614e-01
-1.362512547567907184e+00,-2.023065336331472119e-01,0.000000000000000000e+00,-0.000000000000000000e+00,0.000000000000000000e+00,9.811603807306397140e-01,-1.931949980835583891e-01
-1.265593996535979038e+00,-3.488560033007669370e-01,0.000000000000000000e+00,-0.000000000000000000e+00,0.000000000000000000e+00,9.830977510539204989e-01,-1.830814350848382899e-01
2.274032440412736555e+00,8.370145279121852244e-01,0.000000000000000000e+00,0.000000000000000000e+00,0.000000000000000000e+00,1.843018225283986344e-01,9.828696954391821228e-01
-1.362123697303589065e+00,-3.183422756166635059e-01,0.000000000000000000e+00,-0.000000000000000000e+00,0.000000000000000000e+00,9.757545457161544977e-01,-2.188676918009165862e-01
-1.146562987199814865e+00,-1.196363711876285291e-01,0.000000000000000000e+00,-0.000000000000000000e+00,0.000000000000000000e+00,9.803960811414914600e-01,-1.970368597049954873e-01
-1.146412813898383565e+00,-2.498975612010019831e-01,0.000000000000000000e+00,-0.000000000000000000e+00,0.000000000000000000e+00,9.790099308045349114e-01,-2.038125496285733140e-01
-1.174840690967190460e+00,-3.124761567327570266e-01,0.000000000000000000e+00,-0.000000000000000000e+00,0.000000000000000000e+00,9.724812796488424560e-01,-2.329810308427487098e-01
-1.189162840073826111e+00,-1.691086769251800848e-01,0.000000000000000000e+00,-0.000000000000000000e+00,0.000000000000000000e+00,9.792369586507290169e-01,-2.027189651030963102e-01
-1.196407543777431748e+00,-2.323836739187994938e-01,0.000000000000000000e+00,-0.000000000000000000e+00,0.000000000000000000e+00,9.774138446574461847e-01,-2.113342761407850934e-01
-9.635926787062496501e-01,-2.015242331122127362e-01,0.000000000000000000e+00,-0.000000000000000000e+00,0.000000000000000000e+00,9.707586042571755280e-01,-2.400577685905216085e-01
-1.300002983891775488e+00,-2.272429792068474397e-01,0.000000000000000000e+00,-0.000000000000000000e+00,0.000000000000000000e+00,9.847048105108515692e-01,-1.742309850651939662e-01
-1.340774121741698188e+00,-4.301585674348540334e-01,0.000000000000000000e+00,-0.000000000000000000e+00,0.000000000000000000e+00,9.784522037847612763e-01,-2.064734484352505894e-01
-1.273845666694159551e+00,-2.309489291539816858e-01,0.000000000000000000e+00,-0.000000000000000000e+00,0.000000000000000000e+00,9.812547225077291602e-01,-1.927152551208113629e-01
-1.390709057630187484e+00,-3.856174807703730556e-01,0.000000000000000000e+00,-0.000000000000000000e+00,0.000000000000000000e+00,9.762474509026277669e-01,-2.166585207327915708e-01
-9.477051998727009652e-01,-1.882925637104178596e-01,0.000000000000000000e+00,-0.000000000000000000e+00,0.000000000000000000e+00,9.734264027468533254e-01,-2.290000839198990390e-01
-1.327858359201425920e+00,-2.513066412387066073e-01,0.000000000000000000e+00,-0.000000000000000000e+00,0.000000000000000000e+00,9.784645065540470421e-01,-2.064151385289974550e-01
-1.150983483333777979e+00,-3.090795872601816430e-01,0.000000000000000000e+00,-0.000000000000000000e+00,0.000000000000000000e+00,9.701416346153967085e-01,-2.425390871298195028e-01
-1.176975120780801465e+00,-2.407365699118930169e-01,0.000000000000000000e+00,-0.000000000000000000e+00,0.000000000000000000e+00,9.710332826927821070e-01,-2.389442694497601050e-01
-1.264537163239737083e+00,-2.769834544640326635e-01,0.000000000000000000e+00,-0.000000000000000000e+00,0.000000000000000000e+00,9.816483104971340801e-01,-1.907002739854408713e-01
-1.303748347316280087e+00,-2.107042315827859502e-01,0.000000000000000000e+00,-0.000000000000000000e+00,0.000000000000000000e+00,9.806090232105664217e-01,-1.959743442341849162e-01
-1.216915931498913750e+00,-2.802317072580832180e-01,0.000000000000000000e+00,-0.000000000000000000e+00,0.000000000000000000e+00,9.705477247174051358e-01,-2.409089330968612330e-01
-1.226667528168919885e+00,-2.722850865204616833e-01,0.000000000000000000e+00,-0.000000000000000000e+00,0.000000000000000000e+00,9.831781411108424518e-01,-1.826492344408492119e-01
-1.124414894597595804e+00,-3.303653014708989311e-01,0.000000000000000000e+00,-0.000000000000000000e+00,0.000000000000000000e+00,9.708055958162270516e-01,-2.398676617051586635e-01
-1.266507445421276579e+00,-3.958125281076610436e-01,0.000000000000000000e+00,-0.000000000000000000e+00,0.000000000000000000e+00,9.743803464441335160e-01,-2.249065149421206611e-01
-1.110720964444800618e+00,-1.658984336597048581e-01,0.000000000000000000e+00,-0.000000000000000000e+00,0.000000000000000000e+00,9.795212435511463367e-01,-2.013408389572663715e-01
-1.381940968294769423e+00,-3.556798487207586956e-01,0.000000000000000000e+00,-0.000000000000000000e+00,0.000000000000000000e+00,9.714616214484895762e-01,-2.371967918262630759e-01
-1.347853878786964277e+00,-2.227968657063318092e-01,0.000000000000000000e+00,-0.000000000000000000e+00,0.000000000000000000e+00,9.807636774842767302e-01,-1.951988958153135778e-01
-1.109870194780245400e+00,-1.928536087122200426e-01,0.000000000000000000e+00,-0.000000000000000000e+00,0.000000000000000000e+00,9.767982962951936576e-01,-2.141613605550896637e-01
-1.088403247325852696e+00,-2.143823494918917494e-01,0.000000000000000000e+00,-0.000000000000000000e+00,0.000000000000000000e+00,9.725588958605346779e-01,-2.326568161102046672e-01
-1.120299356382358891e+00,-1.956601452875969815e-01,0.000000000000000000e+00,-0.000000000000000000e+00,0.000000000000000000e+00,9.781331589405961591e-01,-2.079796225135781551e-01
-1.038122802491171504e+00,-1.370185720751547209e-01,0.000000000000000000e+00,-0.000000000000000000e+00,0.000000000000000000e+00,9.724584898227219831e-01,-2.330761368559875202e-01
-1.240906200933626247e+00,-1.152269865454174647e-01,0.000000000000000000e+00,-0.000000000000000000e+00,0.000000000000000000e+00,9.832311046770260132e-01,-1.823639076012440463e-01
-1.206282941860240987e+00,-3.177530205743066549e-01,0.000000000000000000e+00,-0.000000000000000000e+00,0.000000000000000000e+00,9.777906887609271180e-01,-2.095837994035603391e-01
-1.201038583638996071e+00,-3.541562302145567220e-01,0.000000000000000000e+00,-0.000000000000000000e+00,0.000000000000000000e+00,9.770940532188803207e-01,-2.128079208213355944e-01
2.368623753437315571e+00,9.862393586995319428e-01,0.000000000000000000e+00,0.000000000000000000e+00,0.000000000000000000e+00,1.864190249745508454e-01,9.824703288789630173e-01
-1.359405845237696475e+00,-1.813949191239304648e-01,0.000000000000000000e+00,-0.000000000000000000e+00,0.000000000000000000e+00,9.864198466805168541e-01,-1.642433745232532161e-01
-1.319157329447412819e+00,-2.894881520318159374e-01,0.000000000000000000e+00,-0.000000000000000000e+00,0.000000000000000000e+00,9.826319288726774737e-01,-1.855653317836102323e-01
-1.215822002260677381e+00,-2.795688829454507918e-01,0.000000000000000000e+00,-0.000000000000000000e+00,0.000000000000000000e+00,9.725093023850174268e-01,-2.328640306586803044e-01
-1.186758260058620396e+00,-1.612723777739655251e-01,0.000000000000000000e+00,-0.000000000000000000e+00,0.000000000000000000e+00,9.782026437417005171e-01,-2.076525650618063767e-01
-1.085845064299523210e+00,-3.751779018037308400e-01,0.000000000000000000e+00,-0.000000000000000000e+00,0.000000000000000000e+00,9.693708012015043174e-01,-2.456018114305218991e-01
-1.263185745100923407e+00,-2.569314664803863946e-01,0.000000000000000000e+00,-0.000000000000000000e+00,0.000000000000000000e+00,9.827385662380894171e-01,-1.849997579141778592e-01
-1.189162840073826111e+00,-1.691086769251800848e-01,0.000000000000000000e+00,-0.000000000000000000e+00,0.000000000000000000e+00,9.792369586507290169e-01,-2.027189651030963102e-01
-1.418144408870921191e+00,-3.645676205641358858e-01,0.000000000000000000e+00,-0.000000000000000000e+00,0.000000000000000000e+00,9.768756283188577694e-01,-2.138083412700191033e-01
-1.288617959622868625e+00,-2.415762997197918871e-01,0.000000000000000000e+00,-0.000000000000000000e+00,0.000000000000000000e+00,9.773002568940305501e-01,-2.118589339038170760e-01
-1.289727694052875240e+00,-3.108070875298940550e-01,0.000000000000000000e+00,-0.000000000000000000e+00,0.000000000000000000e+00,9.766070953607892680e-01,-2.150315820779875597e-01
-1.331176259187047517e+00,-1.866033208296401513e-01,0.000000000000000000e+00,-0.000000000000000000e+00,0.000000000000000000e+00,9.865050576557158335e-01,-1.637307888568695913e-01
-1.314545918250152878e+00,-3.097469621105230497e-01,0.000000000000000000e+00,-0.000000000000000000e+00,0.000000000000000000e+00,9.781368647530789273e-01,-2.079621932251558836e-01
-1.147577696139492565e+00,-4.100579511677669986e-01,0.000000000000000000e+00,-0.000000000000000000e+00,0.000000000000000000e+00,9.676797469462156132e-01,-2.521822899216122904e-01
-1.359611603864919527e+00,-3.687576378909045438e-01,0.000000000000000000e+00,-0.000000000000000000e+00,0.000000000000000000e+00,9.777513119375850215e-01,-2.097674236013099547e-01
-1.189162840073826111e+00,-1.691086769251800848e-01,0.000000000000000000e+00,-0.000000000000000000e+00,0.000000000000000000e+00,9.792369586507290169e-01,-2.027189651030963102e-01
-1.306290667540942474e+00,-2.944325420748783451e-01,0.000000000000000000e+00,-0.000000000000000000e+00,0.000000000000000000e+00,9.813825818114673138e-01,-1.920630836914233586e-01
-1.070845644904099281e+00,-2.900106716691404629e-01,0.000000000000000000e+00,-0.000000000000000000e+00,0.000000000000000000e+00,9.701215827168008232e-01,-2.426192794215852877e-01
-1.237629182246962944e+00,-2.331379618151281363e-01,0.000000000000000000e+00,-0.000000000000000000e+00,0.000000000000000000e+00,9.796117217460150739e-01,-2.009001608207615086e-01
-1.157705828646124369e+00,-2.137118236696379792e-01,0.000000000000000000e+00,-0.000000000000000000e+00,0.000000000000000000e+00,9.793331808769206726e-01,-2.022536052422613528e-01
-1.187982720443350626e+00,-1.444392753024340281e-01,0.000000000000000000e+00,-0.000000000000000000e+00,0.000000000000000000e+00,9.824257435052350385e-01,-1.866538467275352386e-01
-1.365416034653121224e+00,-3.339432942347237421e-01,0.000000000000000000e+00,-0.000000000000000000e+00,0.000000000000000000e+00,9.776457842124959274e-01,-2.102586992529296428e-01
-1.201453801584391634e+00,-2.285636776011865101e-01,0.000000000000000000e+00,-0.000000000000000000e+00,0.000000000000000000e+00,9.813491694475584559e-01,-1.922337317553483582e-01
-1.189162840073826111e+00,-1.691086769251800848e-01,0.000000000000000000e+00,-0.000000000000000000e+00,0.000000000000000000e+00,9.792369586507290169e-01,-2.027189651030963102e-01
-1.283632322661064196e+00,-2.157486598124969679e-01,0.000000000000000000e+00,-0.000000000000000000e+00,0.000000000000000000e+00,9.837116506615770639e-01,-1.797536880085505717e-01
-1.347853878786964277e+00,-2.227968657063318092e-01,0.000000000000000000e+00,-0.000000000000000000e+00,0.000000000000000000e+00,9.807636774842767302e-01,-1.951988958153135778e-01
-1.222480866793641319e+00,-3.308263969410857874e-01,0.000000000000000000e+00,-0.000000000000000000e+00,0.000000000000000000e+00,9.748871766759673596e-01,-2.226993326275611695e-01
-1.213099130943667170e+00,-2.029564037787403019e-01,0.000000000000000000e+00,-0.000000000000000000e+00,0.000000000000000000e+00,9.807119791670501074e-01,-1.954584710833673078e-01
-1.243201434844969366e+00,-2.504133645813950704e-01,0.000000000000000000e+00,-0.000000000000000000e+00,0.000000000000000000e+00,9.782329439237548163e-01,-2.075097766907957053e-01
-1.155304700201797985e+00,-2.122796271611005481e-01,0.000000000000000000e+00,-0.000000000000000000e+00,0.000000000000000000e+00,9.762921040471788103e-01,-2.164572188103981720e-01
-1.123894721793443408e+00,-3.203908994818079892e-01,0.000000000000000000e+00,-0.000000000000000000e+00,0.000000000000000000e+00,9.734120737798991341e-01,-2.290609844987054333e-01
-1.176975120780801465e+00,-2.407365699118930169e-01,0.000000000000000000e+00,-0.000000000000000000e+00,0.000000000000000000e+00,9.710332826927821070e-01,-2.389442694497601050e-01
-1.238767109421881951e+00,-1.973167416693527854e-01,0.000000000000000000e+00,-0.000000000000000000e+00,0.000000000000000000e+00,9.812675867524780493e-01,-1.926497422499390821e-01
-1.170815071328165091e+00,-2.315101577236926000e-01,0.000000000000000000e+00,-0.000000000000000000e+00,0.000000000000000000e+00,9.702070282763357589e-01,-2.422773664278226602e-01
-1.141684527451152675e+00,-1.957657397150789624e-01,0.000000000000000000e+00,-0.000000000000000000e+00,0.000000000000000000e+00,9.771379539219512411e-01,-2.126062534480644972e-01
-1.170815071328165091e+00,-2.315101577236926000e-01,0.000000000000000000e+00,-0.000000000000000000e+00,0.000000000000000000e+00,9.702070282763357589e-01,-2.422773664278226602e-01
-1.146562987199814865e+00,-1.196363711876285291e-01,0.000000000000000000e+00,-0.000000000000000000e+00,0.000000000000000000e+00,9.803960811414914600e-01,-1.970368597049954873e-01
-1.200801279293570056e+00,-1.989424279166390197e-01,0.000000000000000000e+00,-0.000000000000000000e+00,0.000000000000000000e+00,9.762858984998412648e-01,-2.164852059387840089e-01
-1.134913462486859759e+00,-2.976809870881547138e-01,0.000000000000000000e+00,-0.000000000000000000e+00,0.000000000000000000e+00,9.692618646523574188e-01,-2.460313755004331360e-01
-1.366189515865289472e+00,-1.878031749711930321e-01,0.000000000000000000e+00,-0.000000000000000000e+00,0.000000000000000000e+00,9.825910038548815173e-01,-1.857819128533675368e-01
-1.275073948769800403e+00,-3.004444213374287687e-01,0.000000000000000000e+00,-0.000000000000000000e+00,0.000000000000000000e+00,9.796203530063334330e-01,-2.008580692323478356e-01
-1.059894391535870506e+00,-2.063042729738795988e-01,0.000000000000000000e+00,-0.000000000000000000e+00,0.000000000000000000e+00,9.766653587287176252e-01,-2.147667969200668103e-01
-1.454099213681053993e+00,-1.660196522484573278e-01,0.000000000000000000e+00,-0.000000000000000000e+00,0.000000000000000000e+00,9.870712028761766677e-01,-1.602823772364815602e-01
-1.291000277007468444e+00,-3.665906841458301813e-01,0.000000000000000000e+00,-0.000000000000000000e+00,0.000000000000000000e+00,9.723898277685915081e-01,-2.333624281073730378e-01
-1.060929713593567580e+00,-2.882703198142016476e-01,0.000000000000000000e+00,-0.000000000000000000e+00,0.000000000000000000e+00,9.746064006425033677e-01,-2.239249066688746570e-01
-1.345370781165076579e+00,-3.342824391330373457e-01,0.000000000000000000e+00,-0.000000000000000000e+00,0.000000000000000000e+00,9.687413991534646884e-01,-2.480727747379538051e-01
-1.224134197031232274e+00,-2.666900442280426553e-01,0.000000000000000000e+00,-0.000000000000000000e+00,0.000000000000000000e+00,9.832033367537373891e-01,-1.825135572945662810e-01
-1.430004668185574035e+00,-4.229543231903165612e-01,0.000000000000000000e+00,-0.000000000000000000e+00,0.000000000000000000e+00,9.736087234425777615e-01,-2.282236921016617404e-01
-1.325103278768286375e+00,-1.688941312980234422e-01,0.000000000000000000e+00,-0.000000000000000000e+00,0.000000000000000000e+00,9.860897269198337645e-01,-1.662138696474143862e-01
-1.424420415497720693e+00,-2.106003098511262384e-02,0.000000000000000000e+00,-0.000000000000000000e+00,0.000000000000000000e+00,9.907266509818183353e-01,-1.358701697737599856e-01
-1.288617959622868625e+00,-2.415762997197918871e-01,0.000000000000000000e+00,-0.000000000000000000e+00,0.000000000000000000e+00,9.773002568940305501e-01,-2.118589339038170760e-01
-1.251216106102293724e+00,-2.923337328374793209e-01,0.000000000000000000e+00,-0.000000000000000000e+00,0.000000000000000000e+00,9.795261081639845546e-01,-2.013171712127853619e-01
-1.301220964580247497e+00,-3.358117921329192845e-01,0.000000000000000000e+00,-0.000000000000000000e+00,0.000000000000000000e+00,9.766568102058580392e-01,-2.148056681712998128e-01
-1.140132484678999081e+00,-2.009468162618473774e-01,0.000000000000000000e+00,-0.000000000000000000e+00,0.000000000000000000e+00,9.725526749226168777e-01,-2.326828195223333562e-01
-1.242991769473999586e+00,-2.362207478671226879e-01,0.000000000000000000e+00,-0.000000000000000000e+00,0.000000000000000000e+00,9.813324105160681210e-01,-1.923192659894558676e-01
-1.246793566463459735e+00,-2.375596232964652388e-01,0.000000000000000000e+00,-0.000000000000000000e+00,0.000000000000000000e+00,9.788619673045872993e-01,-2.045220011749175337e-01
-1.099110330319229334e+00,-1.777992394431278100e-01,0.000000000000000000e+00,-0.000000000000000000e+00,0.000000000000000000e+00,9.764470129390393494e-01,-2.157573426848495846e-01
-1.214459495930433786e+00,-2.638133321137566267e-01,0.000000000000000000e+00,-0.000000000000000000e+00,0.000000000000000000e+00,9.848645822167266806e-01,-1.733255742672509814e-01
-1.241553897492121417e+00,-2.360249315169447026e-01,0.000000000000000000e+00,-0.000000000000000000e+00,0.000000000000000000e+00,9.789954658202868476e-01,-2.038820195684739045e-01
-1.393742622321279434e+00,-2.631797436088609832e-01,0.000000000000000000e+00,-0.000000000000000000e+00,0.000000000000000000e+00,9.853426638417397410e-01,-1.705867369207355877e-01
-1.202683502934054349e+00,-2.047523952689199178e-01,0.000000000000000000e+00,-0.000000000000000000e+00,0.000000000000000000e+00,9.798613828608313536e-01,-1.996789182113608285e-01
-1.252500124211249677e+00,-2.998395456008906557e-01,0.000000000000000000e+00,-0.000000000000000000e+00,0.000000000000000000e+00,9.796786773752566013e-01,-2.005734007695633425e-01
-1.379285868135371240e+00,-3.255592011873035818e-01,0.000000000000000000e+00,-0.000000000000000000e+00,0.000000000000000000e+00,9.825990014983507770e-01,-1.857396087388039074e-01
-1.286082001914857997e+00,-2.398101783786466545e-01,0.000000000000000000e+00,-0.000000000000000000e+00,0.000000000000000000e+00,9.818535030339878844e-01,-1.896409728404879480e-01
-1.282458657859541828e+00,-2.081286696488970078e-01,0.000000000000000000e+00,-0.000000000000000000e+00,0.000000000000000000e+00,9.765314448547278703e-01,-2.153748759951763514e-01
-1.241269862286659365e+00,-3.073099486890587539e-01,0.000000000000000000e+00,-0.000000000000000000e+00,0.000000000000000000e+00,9.778322351751870256e-01,-2.093898752382687967e-01
-1.196496087768855743e+00,-8.414721256058230181e-02,0.000000000000000000e+00,-0.000000000000000000e+00,0.000000000000000000e+00,9.872080029810516022e-01,-1.594376331051238493e-01
-1.231076012706461942e+00,-2.755322913588663103e-01,0.000000000000000000e+00,-0.000000000000000000e+00,0.000000000000000000e+00,9.756642541330444729e-01,-2.192698410794561015e-01
-1.246901826678969982e+00,-3.346219891712830519e-01,0.000000000000000000e+00,-0.000000000000000000e+00,0.000000000000000000e+00,9.778441841061957795e-01,-2.093340670069929188e-01
-1.196407543777431748e+00,-2.323836739187994938e-01,0.000000000000000000e+00,-0.000000000000000000e+00,0.000000000000000000e+00,9.774138446574461847e-01,-2.113342761407850934e-01
-1.236627636428805133e+00,-3.871549651721140073e-01,0.000000000000000000e+00,-0.000000000000000000e+00,0.000000000000000000e+00,9.718037866379805045e-01,-2.357910097439731845e-01
-1.150983483333777979e+00,-3.090795872601816430e-01,0.000000000000000000e+00,-0.000000000000000000e+00,0.000000000000000000e+00,9.701416346153967085e-01,-2.425390871298195028e-01
-1.258382198683819286e+00,-1.040857096427580952e-01,0.000000000000000000e+00,-0.000000000000000000e+00,0.000000000000000000e+00,9.831599379067319511e-01,-1.827471928518490385e-01
-1.272775128005588119e+00,-1.921697231729236899e-01,0.000000000000000000e+00,-0.000000000000000000e+00,0.000000000000000000e+00,9.826364481014139285e-01,-1.855413993227312819e-01
-1.289727694052875240e+00,-3.108070875298940550e-01,0.000000000000000000e+00,-0.000000000000000000e+00,0.000000000000000000e+00,9.766070953607892680e-01,-2.150315820779875597e-01
-1.325933009670690943e+00,-2.243090006428951622e-01,0.000000000000000000e+00,-0.000000000000000000e+00,0.000000000000000000e+00,9.811310984317189732e-01,-1.933436517969196744e-01
-1.327858359201425920e+00,-2.513066412387066073e-01,0.000000000000000000e+00,-0.000000000000000000e+00,0.000000000000000000e+00,9.784645065540470421e-01,-2.064151385289974550e-01
-1.213099130943667170e+00,-2.029564037787403019e-01,0.000000000000000000e+00,-0.000000000000000000e+00,0.000000000000000000e+00,9.807119791670501074e-01,-1.954584710833673078e-01
-1.174758413053744066e+00,-3.511771935344421558e-01,0.000000000000000000e+00,-0.000000000000000000e+00,0.000000000000000000e+00,9.700350533926727081e-01,-2.429650081585300048e-01
-1.382121084226572316e+00,-4.023548331378823950e-01,0.000000000000000000e+00,-0.000000000000000000e+00,0.000000000000000000e+00,9.759196140926048590e-01,-2.181304812018285688e-01
-1.312228654520369187e+00,-1.878687410169441185e-01,0.000000000000000000e+00,-0.000000000000000000e+00,0.000000000000000000e+00,9.836437118153491532e-01,-1.801250904402889597e-01
-1.059938269261873067e+00,-1.837180416530789506e-01,0.000000000000000000e+00,-0.000000000000000000e+00,0.000000000000000000e+00,9.780524884017347542e-01,-2.083586569623988860e-01
-1.060539836366332755e+00,-2.540848788733707786e-01,0.000000000000000000e+00,-0.000000000000000000e+00,0.000000000000000000e+00,9.783609418849581463e-01,-2.069054552059406693e-01
-1.148374544249721296e+00,-3.611763410462631718e-01,0.000000000000000000e+00,-0.000000000000000000e+00,0.000000000000000000e+00,9.745926100245737578e-01,-2.239849202189493904e-01
-1.428210509830495134e+00,-7.674022512054420875e-02,0.000000000000000000e+00,-0.000000000000000000e+00,0.000000000000000000e+00,9.924119324340976434e-01,-1.229575388596407248e-01
-1.214459495930433786e+00,-2.638133321137566267e-01,0.000000000000000000e+00,-0.000000000000000000e+00,0.000000000000000000e+00,9.848645822167266806e-01,-1.733255742672509814e-01
-1.421018516166002055e+00,-3.468269276855909800e-01,0.000000000000000000e+00,-0.000000000000000000e+00,0.000000000000000000e+00,9.776582330493354123e-01,-2.102008072078969114e-01
-1.308907603412603482e+00,-3.736499660437571091e-01,0.000000000000000000e+00,-0.000000000000000000e+00,0.000000000000000000e+00,9.744875397513113047e-01,-2.244416068144152454e-01
-1.238037056800767921e+00,-2.799279345253254392e-01,0.000000000000000000e+00,-0.000000000000000000e+00,0.000000000000000000e+00,9.758778836351499342e-01,-2.183171001817783841e-01
-1.252500124211249677e+00,-2.998395456008906557e-01,0.000000000000000000e+00,-0.000000000000000000e+00,0.000000000000000000e+00,9.796786773752566013e-01,-2.005734007695633425e-01
-1.115829879884857601e+00,-3.188241008629162931e-01,0.000000000000000000e+00,-0.000000000000000000e+00,0.000000000000000000e+00,9.732315104623108226e-01,-2.298269502109119566e-01
-1.238037056800767921e+00,-2.799279345253254392e-01,0.000000000000000000e+00,-0.000000000000000000e+00,0.000000000000000000e+00,9.758778836351499342e-01,-2.183171001817783841e-01
-1.196496087768855743e+00,-8.414721256058230181e-02,0.000000000000000000e+00,-0.000000000000000000e+00,0.000000000000000000e+00,9.872080029810516022e-01,-1.594376331051238493e-01
-1.339701401143604143e+00,-1.288271880727118734e-01,0.000000000000000000e+00,-0.000000000000000000e+00,0.000000000000000000e+00,9.855221221950410948e-01,-1.695468863299545437e-01
-1.237629182246962944e+00,-2.331379618151281363e-01,0.000000000000000000e+00,-0.000000000000000000e+00,0.000000000000000000e+00,9.796117217460150739e-01,-2.009001608207615086e-01
-1.332518982888103443e+00,-4.234798472855437756e-01,0.000000000000000000e+00,-0.000000000000000000e+00,0.000000000000000000e+00,9.684164916374180532e-01,-2.493381212824758719e-01
-1.365416034653121224e+00,-3.339432942347237421e-01,0.000000000000000000e+00,-0.000000000000000000e+00,0.000000000000000000e+00,9.776457842124959274e-01,-2.102586992529296428e-01
-1.338560495476168732e+00,-2.648873551554145056e-01,0.000000000000000000e+00,-0.000000000000000000e+00,0.000000000000000000e+00,9.797883657342056907e-01,-2.000368925270896991e-01
-1.382121084226572316e+00,-4.023548331378823950e-01,0.000000000000000000e+00,-0.000000000000000000e+00,0.000000000000000000e+00,9.759196140926048590e-01,-2.181304812018285688e-01
-1.235539328172532203e+00,-2.343882128854548885e-01,0.000000000000000000e+00,-0.000000000000000000e+00,0.000000000000000000e+00,9.765860322918814562e-01,-2.151272217372785511e-01
-1.292500361403252196e+00,-1.264271939901549791e-01,0.000000000000000000e+00,-0.000000000000000000e+00,0.000000000000000000e+00,9.842888207271293100e-01,-1.765659009876967001e-01
-1.264280687959675076e+00,-3.538262205432063379e-01,0.000000000000000000e+00,-0.000000000000000000e+00,0.000000000000000000e+00,9.760970666947085261e-01,-2.173350325879052358e-01
-1.241222641216701117e+00,-1.957689131449283360e-01,0.000000000000000000e+00,-0.000000000000000000e+00,0.000000000000000000e+00,9.839443576285664683e-01,-1.784754915693125554e-01
-9.525370736470921695e-01,-2.076628329587248689e-01,0.000000000000000000e+00,-0.000000000000000000e+00,0.000000000000000000e+00,9.717596394675648286e-01,-2.359728863701686108e-01
-1.231786272522545911e+00,-3.148678882495434816e-01,0.000000000000000000e+00,-0.000000000000000000e+00,0.000000000000000000e+00,9.802674150197245861e-01,-1.976759850122089823e-01
-1.298590537970737646e+00,-3.174285356673813840e-01,0.000000000000000000e+00,-0.000000000000000000e+00,0.000000000000000000e+00,9.773394920810511977e-01,-2.116778619004661688e-01
-1.221724100750704700e+00,-3.480609255685594428e-01,0.000000000000000000e+00,-0.000000000000000000e+00,0.000000000000000000e+00,9.750007353410717892e-01,-2.222016338472091457e-01
-1.214459495930433786e+00,-2.638133321137566267e-01,0.000000000000000000e+00,-0.000000000000000000e+00,0.000000000000000000e+00,9.848645822167266806e-01,-1.733255742672509814e-01
-1.224797555390031434e+00,-9.256833556328675217e-02,0.000000000000000000e+00,-0.000000000000000000e+00,0.000000000000000000e+00,9.829157209906875803e-01,-1.840562018225867236e-01
-1.286549243783386087e+00,-4.133134417835949148e-01,0.000000000000000000e+00,-0.000000000000000000e+00,0.000000000000000000e+00,9.761670285174847139e-01,-2.170205806723046194e-01
-1.252073580578317413e+00,-5.852678796245117110e-02,0.000000000000000000e+00,-0.000000000000000000e+00,0.000000000000000000e+00,9.928390449773670801e-01,-1.194597453891047406e-01
-1.218515609046839421e+00,-2.898784903349608810e-01,0.000000000000000000e+00,-0.000000000000000000e+00,0.000000000000000000e+00,9.801844059950034493e-01,-1.980871783943176923e-01
-1.222322781506013811e+00,-3.106700991209356832e-01,0.000000000000000000e+00,-0.000000000000000000e+00,0.000000000000000000e+00,9.794532720665174441e-01,-2.016712370126009235e-01
-1.243378648702672784e+00,-2.625915797263046469e-01,0.000000000000000000e+00,-0.000000000000000000e+00,0.000000000000000000e+00,9.781828938803022178e-01,-2.077455802657604267e-01
-1.235155031022156624e+00,-2.522207977475396934e-01,0.000000000000000000e+00,-0.000000000000000000e+00,0.000000000000000000e+00,9.834624713487071235e-01,-1.811120301048315395e-01
-1.157083071714027911e+00,-2.103082825676309553e-01,0.000000000000000000e+00,-0.000000000000000000e+00,0.000000000000000000e+00,9.766359816187207832e-01,-2.149003476210256391e-01
-1.357787573715737217e+00,-3.383796381849122348e-01,0.000000000000000000e+00,-0.000000000000000000e+00,0.000000000000000000e+00,9.788931128804445603e-01,-2.043728787173907102e-01
-1.241553897492121417e+00,-2.360249315169447026e-01,0.000000000000000000e+00,-0.000000000000000000e+00,0.000000000000000000e+00,9.789954658202868476e-01,-2.038820195684739045e-01
-1.179501864378910803e+00,-1.929838559060180481e-01,0.000000000000000000e+00,-0.000000000000000000e+00,0.000000000000000000e+00,9.805971919336857745e-01,-1.960335358344847678e-01
-1.192899082381436937e+00,-1.899565836341462477e-01,0.000000000000000000e+00,-0.000000000000000000e+00,0.000000000000000000e+00,9.812203716460812242e-01,-1.928900781966924605e-01
-1.403632775272673827e+00,-1.870677550526063382e-02,0.000000000000000000e+00,-0.000000000000000000e+00,0.000000000000000000e+00,9.924535590108712890e-01,-1.226210960913942105e-01
-1.208916178033375255e+00,-1.876118654262767249e-01,0.000000000000000000e+00,-0.000000000000000000e+00,0.000000000000000000e+00,9.799281420036630719e-01,-1.993510383952106224e-01
-1.380753294456919633e+00,-2.838349246184359576e-01,0.000000000000000000e+00,-0.000000000000000000e+00,0.000000000000000000e+00,9.775370567522798648e-01,-2.107636180086355782e-01
-1.102209978431784920e+00,-1.794026748826502149e-01,0.000000000000000000e+00,-0.000000000000000000e+00,0.000000000000000000e+00,9.806539989605899121e-01,-1.957491617417640717e-01
-1.072723162679140474e+00,-1.914923853161722422e-01,0.000000000000000000e+00,-0.000000000000000000e+00,0.000000000000000000e+00,9.779153086769905023e-01,-2.090015527578359122e-01
-1.227040428262062832e+00,-3.784125452759500297e-01,0.000000000000000000e+00,-0.000000000000000000e+00,0.000000000000000000e+00,9.653267018096384211e-01,-2.610447447724728032e-01
-1.176975120780801465e+00,-2.407365699118930169e-01,0.000000000000000000e+00,-0.000000000000000000e+00,0.000000000000000000e+00,9.710332826927821070e-01,-2.389442694497601050e-01
-1.193728838834021699e+00,-3.453248234492466984e-01,0.000000000000000000e+00,-0.000000000000000000e+00,0.000000000000000000e+00,9.767411758022517265e-01,-2.144217234620473811e-01
-1.207321018751975839e+00,-3.231358742193171651e-01,0.000000000000000000e+00,-0.000000000000000000e+00,0.000000000000000000e+00,9.732020167273299771e-01,-2.299518093815694775e-01
-1.264280687959675076e+00,-3.538262205432063379e-01,0.000000000000000000e+00,-0.000000000000000000e+00,0.000000000000000000e+00,9.760970666947085261e-01,-2.173350325879052358e-01
-1.181030843797661323e+00,-1.983387733957525378e-01,0.000000000000000000e+00,-0.000000000000000000e+00,0.000000000000000000e+00,9.832159082164786401e-01,-1.824458216294501389e-01
-1.219486780183275387e+00,-2.933488151275140954e-01,0.000000000000000000e+00,-0.000000000000000000e+00,0.000000000000000000e+00,9.775701487809270729e-01,-2.106100762367176804e-01
-1.236268508406568767e+00,-1.002678628871441907e-01,0.000000000000000000e+00,-0.000000000000000000e+00,0.000000000000000000e+00,9.880238926258624321e-01,-1.543009643535592779e-01
-1.257811435176068304e+00,-2.143754929851127977e-01,0.000000000000000000e+00,-0.000000000000000000e+00,0.000000000000000000e+00,9.839777226617940631e-01,-1.782914504548925583e-01
-1.286549243783386087e+00,-4.133134417835949148e-01,0.000000000000000000e+00,-0.000000000000000000e+00,0.000000000000000000e+00,9.761670285174847139e-01,-2.170205806723046194e-01
-1.266507445421276579e+00,-3.958125281076610436e-01,0.000000000000000000e+00,-0.000000000000000000e+00,0.000000000000000000e+00,9.743803464441335160e-01,-2.249065149421206611e-01
-1.237629182246962944e+00,-2.331379618151281363e-01,0.000000000000000000e+00,-0.000000000000000000e+00,0.000000000000000000e+00,9.796117217460150739e-01,-2.009001608207615086e-01
-1.171504840441532691e+00,-2.133591513039505005e-01,0.000000000000000000e+00,-0.000000000000000000e+00,0.000000000000000000e+00,9.770143192734790372e-01,-2.131736849017260571e-01
-1.285297466451939208e+00,-2.287251487011273954e-01,0.000000000000000000e+00,-0.000000000000000000e+00,0.000000000000000000e+00,9.806884549507998150e-01,-1.955764666983559052e-01
-1.248069965313194807e+00,-2.103424491581576405e-01,0.000000000000000000e+00,-0.000000000000000000e+00,0.000000000000000000e+00,9.837327761001329884e-01,-1.796380394747326137e-01
-1.109870194780245400e+00,-1.928536087122200426e-01,0.000000000000000000e+00,-0.000000000000000000e+00,0.000000000000000000e+00,9.767982962951936576e-01,-2.141613605550896637e-01
-1.325237990155619494e+00,-2.439942425678676974e-01,0.000000000000000000e+00,-0.000000000000000000e+00,0.000000000000000000e+00,9.869800457185686771e-01,-1.608427472824685567e-01
-1.372455746554277711e+00,-3.875362918053190109e-01,0.000000000000000000e+00,-0.000000000000000000e+00,0.000000000000000000e+00,9.741832377429783252e-01,-2.257587635078821819e-01
-1.378629970900430601e+00,-1.803120448772563833e-01,0.000000000000000000e+00,-0.000000000000000000e+00,0.000000000000000000e+00,9.862403254505410777e-01,-1.653179374877719043e-01
-1.315682215564995206e+00,-3.144925248474018664e-01,0.000000000000000000e+00,-0.000000000000000000e+00,0.000000000000000000e+00,9.761695280802671348e-01,-2.170093372358632144e-01
-1.159762605759547816e+00,-3.049496160721028026e-01,0.000000000000000000e+00,-0.000000000000000000e+00,0.000000000000000000e+00,9.734685829277666125e-01,-2.288207115901137734e-01
-1.249039428656136375e+00,-2.560024624984112984e-01,0.000000000000000000e+00,-0.000000000000000000e+00,0.000000000000000000e+00,9.827016162027900625e-01,-1.851959327642597464e-01
-1.286082001914857997e+00,-2.398101783786466545e-01,0.000000000000000000e+00,-0.000000000000000000e+00,0.000000000000000000e+00,9.818535030339878844e-01,-1.896409728404879480e-01
-1.255231142041840497e+00,-1.297514760793428423e-01,0.000000000000000000e+00,-0.000000000000000000e+00,0.000000000000000000e+00,9.827561061110007268e-01,-1.849065599202565358e-01
-1.171823799770432384e+00,-3.308356001087492393e-01,0.000000000000000000e+00,-0.000000000000000000e+00,0.000000000000000000e+00,9.685563732113234847e-01,-2.487941958963822142e-01
-1.296322329690142272e+00,-3.627973308351893911e-01,0.000000000000000000e+00,-0.000000000000000000e+00,0.000000000000000000e+00,9.789260546702742705e-01,-2.042150324723698840e-01
-1.191540590640641550e+00,-2.667225153918029168e-01,0.000000000000000000e+00,-0.000000000000000000e+00,0.000000000000000000e+00,9.716894322559150865e-01,-2.362618192645128956e-01
-1.201843295308521853e+00,-1.823096474425867086e-01,0.000000000000000000e+00,-0.000000000000000000e+00,0.000000000000000000e+00,9.835389338184014063e-01,-1.806963355006468153e-01
-1.246793566463459735e+00,-2.375596232964652388e-01,0.000000000000000000e+00,-0.000000000000000000e+00,0.000000000000000000e+00,9.788619673045872993e-01,-2.045220011749175337e-01
-1.190141741081127247e+00,-1.995495001856359418e-01,0.000000000000000000e+00,-0.000000000000000000e+00,0.000000000000000000e+00,9.784336687716164160e-01,-2.065612640698026858e-01
-1.224933367412821328e+00,-1.830086815031155556e-01,0.000000000000000000e+00,-0.000000000000000000e+00,0.000000000000000000e+00,9.817079703657005663e-01,-1.903929119490977429e-01
-1.171504840441532691e+00,-2.133591513039505005e-01,0.000000000000000000e+00,-0.000000000000000000e+00,0.000000000000000000e+00,9.770143192734790372e-01,-2.131736849017260571e-01
-1.365592038327350766e+00,-4.920396138613048614e-02,0.000000000000000000e+00,-0.000000000000000000e+00,0.000000000000000000e+00,9.914614094646111431e-01,-1.304004353614150735e-01
-1.082576177262006611e+00,-1.586036308062091227e-01,0.000000000000000000e+00,-0.000000000000000000e+00,0.000000000000000000e+00,9.801633263509023086e-01,-1.981914571234958677e-01
-1.277751335799095056e+00,-2.198052341055413694e-01,0.000000000000000000e+00,-0.000000000000000000e+00,0.000000000000000000e+00,9.793303149436134447e-01,-2.022674818957385101e-01
2.368623753437315571e+00,9.862393586995319428e-01,0.000000000000000000e+00,0.000000000000000000e+00,0.000000000000000000e+00,1.864190249745508454e-01,9.824703288789630173e-01
-1.256808427360636804e+00,-2.853201157183289927e-01,0.000000000000000000e+00,-0.000000000000000000e+00,0.000000000000000000e+00,9.825427975025067262e-01,-1.860366928214650106e-01
-1.236381739548216618e+00,-1.124879751798222305e-01,0.000000000000000000e+00,-0.000000000000000000e+00,0.000000000000000000e+00,9.819547595371270754e-01,-1.891159702996629000e-01
-1.251932045168469676e+00,-2.411842120372294507e-01,0.000000000000000000e+00,-0.000000000000000000e+00,0.000000000000000000e+00,9.838234600735944468e-01,-1.791407251543339629e-01
-1.188144504337253604e+00,-3.256791189043682921e-01,0.000000000000000000e+00,-0.000000000000000000e+00,0.000000000000000000e+00,9.729281849670033955e-01,-2.311076521814290352e-01
-1.374475487773790139e+00,-3.620575543870415136e-01,0.000000000000000000e+00,-0.000000000000000000e+00,0.000000000000000000e+00,9.815288930750099006e-01,-1.913139620073396885e-01
-1.344776094673658662e+00,-1.129359340439510112e-01,0.000000000000000000e+00,-0.000000000000000000e+00,0.000000000000000000e+00,9.866259965962969058e-01,-1.630004381600365371e-01
-1.378629970900430601e+00,-1.803120448772563833e-01,0.000000000000000000e+00,-0.000000000000000000e+00,0.000000000000000000e+00,9.862403254505410777e-01,-1.653179374877719043e-01
-1.078961102215298284e+00,-2.354178034851408807e-01,0.000000000000000000e+00,-0.000000000000000000e+00,0.000000000000000000e+00,9.714407086902880906e-01,-2.372824256014565980e-01
-1.226721798283524567e+00,-2.863973965829897939e-01,0.000000000000000000e+00,-0.000000000000000000e+00,0.000000000000000000e+00,9.708758238252034323e-01,-2.395832521520076253e-01
-1.254693701684798324e+00,-3.836182576356901297e-01,0.000000000000000000e+00,-0.000000000000000000e+00,0.000000000000000000e+00,9.764024365883117174e-01,-2.159589818099906522e-01
-1.200478975500487211e+00,-2.758153015841627309e-01,0.000000000000000000e+00,-0.000000000000000000e+00,0.000000000000000000e+00,9.715011313218573363e-01,-2.370349169222779884e-01
-1.224933367412821328e+00,-1.830086815031155556e-01,0.000000000000000000e+00,-0.000000000000000000e+00,0.000000000000000000e+00,9.817079703657005663e-01,-1.903929119490977429e-01
-1.176975120780801465e+00,-2.407365699118930169e-01,0.000000000000000000e+00,-0.000000000000000000e+00,0.000000000000000000e+00,9.710332826927821070e-01,-2.389442694497601050e-01
-1.165645899265701724e+00,-2.288854720632028661e-01,0.000000000000000000e+00,-0.000000000000000000e+00,0.000000000000000000e+00,9.740797707523367599e-01,-2.262047749519778828e-01
-1.114772250688777611e+00,-2.533260028883375925e-02,0.000000000000000000e+00,-0.000000000000000000e+00,0.000000000000000000e+00,9.860963981364179176e-01,-1.661742867665848833e-01
-1.241222641216701117e+00,-1.957689131449283360e-01,0.000000000000000000e+00,-0.000000000000000000e+00,0.000000000000000000e+00,9.839443576285664683e-01,-1.784754915693125554e-01
-1.213845863375357714e+00,-3.009757923399949409e-01,0.000000000000000000e+00,-0.000000000000000000e+00,0.000000000000000000e+00,9.769790095279501374e-01,-2.133354516759589647e-01
-1.301384932397737115e+00,-2.553643829957942257e-01,0.000000000000000000e+00,-0.000000000000000000e+00,0.000000000000000000e+00,9.803347236995739733e-01,-1.973419101683167864e-01
-1.108383401687036862e+00,-2.953482723693754974e-01,0.000000000000000000e+00,-0.000000000000000000e+00,0.000000000000000000e+00,9.747280186412924374e-01,-2.233949186432411804e-01
-1.099752360535437345e+00,-1.766059478120690363e-01,0.000000000000000000e+00,-0.000000000000000000e+00,0.000000000000000000e+00,9.790323724703463570e-01,-2.037047217299713942e-01
-1.174156440232261067e+00,-2.194433924763908583e-01,0.000000000000000000e+00,-0.000000000000000000e+00,0.000000000000000000e+00,9.773301170152192130e-01,-2.117211429569988146e-01
-1.244912496988722417e+00,-2.606981443036036072e-01,0.000000000000000000e+00,-0.000000000000000000e+00,0.000000000000000000e+00,9.750147941528201079e-01,-2.221399360383761734e-01
-1.211051927423019592e+00,-1.395521868483541317e-01,0.000000000000000000e+00,-0.000000000000000000e+00,0.000000000000000000e+00,9.874061063995558385e-01,-1.582061346625630305e-01
-1.251932045168469676e+00,-2.411842120372294507e-01,0.000000000000000000e+00,-0.000000000000000000e+00,0.000000000000000000e+00,9.838234600735944468e-01,-1.791407251543339629e-01
-1.147913928101127023e+00,-3.956660391299942070e-01,0.000000000000000000e+00,-0.000000000000000000e+00,0.000000000000000000e+00,9.628580748850500415e-01,-2.700080140082057323e-01
-9.833501422216112120e-01,-2.981715137394926329e-01,0.000000000000000000e+00,-0.000000000000000000e+00,0.000000000000000000e+00,9.720403190593333020e-01,-2.348140075102621849e-01
-1.224388946055693150e+00,-3.626208021905106826e-01,0.000000000000000000e+00,-0.000000000000000000e+00,0.000000000000000000e+00,9.672169936846598537e-01,-2.539513479539116658e-01
-1.215822002260677381e+00,-2.795688829454507918e-01,0.000000000000000000e+00,-0.000000000000000000e+00,0.000000000000000000e+00,9.725093023850174268e-01,-2.328640306586803044e-01
-1.237917536307863386e+00,-1.135051076201556708e-01,0.000000000000000000e+00,-0.000000000000000000e+00,0.000000000000000000e+00,9.880623052205093071e-01,-1.540547986994660334e-01
-1.144371505657419297e+00,-3.140924419048094496e-01,0.000000000000000000e+00,-0.000000000000000000e+00,0.000000000000000000e+00,9.746591995145151843e-01,-2.236949816194463148e-01
-1.290726940531661482e+00,-1.423176506785139295e-01,0.000000000000000000e+00,-0.000000000000000000e+00,0.000000000000000000e+00,9.855646767148523724e-01,-1.692993443931442021e-01
-1.248487316293847016e+00,-3.138050699804887933e-01,0.000000000000000000e+00,-0.000000000000000000e+00,0.000000000000000000e+00,9.858611354346584754e-01,-1.675643805809756970e-01
-1.404142433929205014e+00,-2.389112469790981574e-01,0.000000000000000000e+00,-0.000000000000000000e+00,0.000000000000000000e+00,9.802171582758500978e-01,-1.979250429370096320e-01
2.368623753437315571e+00,9.862393586995319428e-01,0.000000000000000000e+00,0.000000000000000000e+00,0.000000000000000000e+00,1.864190249745508454e-01,9.824703288789630173e-01
-1.136633752089603933e+00,-1.211923281098824384e-01,0.000000000000000000e+00,-0.000000000000000000e+00,0.000000000000000000e+00,9.792966762780239698e-01,-2.024302838777221336e-01
-1.225526620315915194e+00,-2.205128037921078588e-01,0.000000000000000000e+00,-0.000000000000000000e+00,0.000000000000000000e+00,9.821342442803377981e-01,-1.881816309098468809e-01
-1.251844498775380066e+00,-2.542439822742417754e-01,0.000000000000000000e+00,-0.000000000000000000e+00,0.000000000000000000e+00,9.838487857298203743e-01,-1.790015832833835585e-01
-1.060539836366332755e+00,-2.540848788733707786e-01,0.000000000000000000e+00,-0.000000000000000000e+00,0.000000000000000000e+00,9.783609418849581463e-01,-2.069054552059406693e-01
2.362209103044182523e+00,9.844133555520288015e-01,0.000000000000000000e+00,0.000000000000000000e+00,0.000000000000000000e+00,1.810611305488891432e-01,9.834718435239303558e-01
-1.152591259609067942e+00,-3.993438870228219195e-01,0.000000000000000000e+00,-0.000000000000000000e+00,0.000000000000000000e+00,9.784648806132218990e-01,-2.064133653777135979e-01
-1.399684233229501640e+00,-3.961739659325628771e-01,0.000000000000000000e+00,-0.000000000000000000e+00,0.000000000000000000e+00,9.758538800180681649e-01,-2.184243687267559964e-01
-1.109870194780245400e+00,-1.928536087122200426e-01,0.000000000000000000e+00,-0.000000000000000000e+00,0.000000000000000000e+00,9.767982962951936576e-01,-2.141613605550896637e-01
-1.522481710677640265e+00,-3.550012052456848477e-01,0.000000000000000000e+00,-0.000000000000000000e+00,0.000000000000000000e+00,9.833167037504342289e-01,-1.819017870318509200e-01
-1.290726940531661482e+00,-1.423176506785139295e-01,0.000000000000000000e+00,-0.000000000000000000e+00,0.000000000000000000e+00,9.855646767148523724e-01,-1.692993443931442021e-01
-1.551285895066461640e+00,-3.737535308091200492e-01,0.000000000000000000e+00,-0.000000000000000000e+00,0.000000000000000000e+00,9.806818797785661346e-01,-1.956094340106785678e-01
-1.248487316293847016e+00,-3.138050699804887933e-01,0.000000000000000000e+00,-0.000000000000000000e+00,0.000000000000000000e+00,9.858611354346584754e-01,-1.675643805809756970e-01
-1.205322315070374461e+00,-4.555145031038491110e-01,0.000000000000000000e+00,-0.000000000000000000e+00,0.000000000000000000e+00,9.681005104999188537e-01,-2.505621710669757030e-01
-1.348359582741464058e+00,-3.236551458813273774e-01,0.000000000000000000e+00,-0.000000000000000000e+00,0.000000000000000000e+00,9.794129720123969651e-01,-2.018668626938154020e-01
-1.280070487268784030e+00,-2.251839920451594035e-01,0.000000000000000000e+00,-0.000000000000000000e+00,0.000000000000000000e+00,9.803278710671305962e-01,-1.973759489121897082e-01
-1.191540590640641550e+00,-2.667225153918029168e-01,0.000000000000000000e+00,-0.000000000000000000e+00,0.000000000000000000e+00,9.716894322559150865e-01,-2.362618192645128956e-01
-1.256703019613986783e+00,-2.725663775256591537e-01,0.000000000000000000e+00,-0.000000000000000000e+00,0.000000000000000000e+00,9.811956800577277260e-01,-1.930156403923092290e-01
-1.330468788691755444e+00,-2.615663813176927199e-01,0.000000000000000000e+00,-0.000000000000000000e+00,0.000000000000000000e+00,9.797577360275581126e-01,-2.001868594442545723e-01
-1.174156440232261067e+00,-2.194433924763908583e-01,0.000000000000000000e+00,-0.000000000000000000e+00,0.000000000000000000e+00,9.773301170152192130e-01,-2.117211429569988146e-01
-1.281738741626764266e+00,-3.618868244304820347e-01,0.000000000000000000e+00,-0.000000000000000000e+00,0.000000000000000000e+00,9.798676153628994578e-01,-1.996483317311338601e-01
-1.297143964226869839e+00,-3.161859617665808697e-01,0.000000000000000000e+00,-0.000000000000000000e+00,0.000000000000000000e+00,9.762345856569339952e-01,-2.167164824539987988e-01
-1.091727926122509240e+00,-1.673659326702980066e-01,0.000000000000000000e+00,-0.000000000000000000e+00,0.000000000000000000e+00,9.810449453933716146e-01,-1.937803269635915149e-01
-1.190141741081127247e+00,-1.995495001856359418e-01,0.000000000000000000e+00,-0.000000000000000000e+00,0.000000000000000000e+00,9.784336687716164160e-01,-2.065612640698026858e-01
-1.344776094673658662e+00,-1.129359340439510112e-01,0.000000000000000000e+00,-0.000000000000000000e+00,0.000000000000000000e+00,9.866259965962969058e-01,-1.630004381600365371e-01
-1.310033478198386447e+00,-3.199455874413337231e-01,0.000000000000000000e+00,-0.000000000000000000e+00,0.000000000000000000e+00,9.805953425880843399e-01,-1.960427863874554533e-01
-1.148374544249721296e+00,-3.611763410462631718e-01,0.000000000000000000e+00,-0.000000000000000000e+00,0.000000000000000000e+00,9.745926100245737578e-01,-2.239849202189493904e-01
-1.343647084604598696e+00,-1.890680214196069353e-01,0.000000000000000000e+00,-0.000000000000000000e+00,0.000000000000000000e+00,9.877330234492857075e-01,-1.561520873627141315e-01
-1.173800078709923422e+00,-1.621745057643225740e-01,0.000000000000000000e+00,-0.000000000000000000e+00,0.000000000000000000e+00,9.795821215735709409e-01,-2.010444405931723910e-01
-1.050496195922034470e+00,-2.648899540838888789e-01,0.000000000000000000e+00,-0.000000000000000000e+00,0.000000000000000000e+00,9.777088523997284897e-01,-2.099652350728709038e-01
-1.300002983891775488e+00,-2.272429792068474397e-01,0.000000000000000000e+00,-0.000000000000000000e+00,0.000000000000000000e+00,9.847048105108515692e-01,-1.742309850651939662e-01
-1.109628138936563424e+00,-1.626811782466501544e-02,0.000000000000000000e+00,-0.000000000000000000e+00,0.000000000000000000e+00,9.857892439532708329e-01,-1.679868045592828874e-01
-1.277751335799095056e+00,-2.198052341055413694e-01,0.000000000000000000e+00,-0.000000000000000000e+00,0.000000000000000000e+00,9.793303149436134447e-01,-2.022674818957385101e-01
-1.267349394324322143e+00,-3.188593861671833452e-01,0.000000000000000000e+00,-0.000000000000000000e+00,0.000000000000000000e+00,9.743320972319540196e-01,-2.251154466125814546e-01
-1.300002983891775488e+00,-2.272429792068474397e-01,0.000000000000000000e+00,-0.000000000000000000e+00,0.000000000000000000e+00,9.847048105108515692e-01,-1.742309850651939662e-01
-1.113456933456012266e+00,-2.230188887594425906e-01,0.000000000000000000e+00,-0.000000000000000000e+00,0.000000000000000000e+00,9.753076741271662353e-01,-2.208504942006183636e-01
-1.196407543777431748e+00,-2.323836739187994938e-01,0.000000000000000000e+00,-0.000000000000000000e+00,0.000000000000000000e+00,9.774138446574461847e-01,-2.113342761407850934e-01
