-1.403869834863997967e+00,1.738873251218103988e+00,0.000000000000000000e+00,-0.000000000000000000e+00,0.000000000000000000e+00,9.979343579717940838e-01,-6.424186469447444592e-02
-1.375478276043519577e+00,1.762333345485153524e+00,0.000000000000000000e+00,-0.000000000000000000e+00,0.000000000000000000e+00,9.984984666378572404e-01,-5.477966887311325195e-02
-1.416379687294067047e+00,1.779911747359868457e+00,0.000000000000000000e+00,-0.000000000000000000e+00,0.000000000000000000e+00,9.987196635891896213e-01,-5.058689119026692216e-02
-1.544272507679781414e+00,1.806990586765379270e+00,0.000000000000000000e+00,-0.000000000000000000e+00,0.000000000000000000e+00,9.992721598844479525e-01,-3.814643469408841858e-02
-1.274899513815221486e+00,1.761133791146901828e+00,0.000000000000000000e+00,-0.000000000000000000e+00,0.000000000000000000e+00,9.988689579238217986e-01,-4.754792210158451105e-02
-1.306383526518051008e+00,1.913977403712830760e+00,0.000000000000000000e+00,-0.000000000000000000e+00,0.000000000000000000e+00,9.998915652648069363e-01,-1.472608951128379778e-02
-1.465719639690754139e+00,1.744151882930117470e+00,0.000000000000000000e+00,-0.000000000000000000e+00,0.000000000000000000e+00,9.995017321671466615e-01,-3.156402057522634391e-02
-1.477929677505632755e+00,1.802514217555712950e+00,0.000000000000000000e+00,-0.000000000000000000e+00,0.000000000000000000e+00,9.978772127868121844e-01,-6.512348424971635408e-02
-1.371856916267338411e+00,1.791773034817894406e+00,0.000000000000000000e+00,-0.000000000000000000e+00,0.000000000000000000e+00,9.994535514733875470e-01,-3.305447696202039320e-02
-1.397068242685998385e+00,1.666812137494622315e+00,0.000000000000000000e+00,-0.000000000000000000e+00,0.000000000000000000e+00,9.986405165628772229e-01,-5.212598851849019332e-02
-1.424757016637790974e+00,1.765515503549452747e+00,0.000000000000000000e+00,-0.000000000000000000e+00,0.000000000000000000e+00,9.992740502945743897e-01,-3.809688186553421285e-02
-1.212372317581452030e+00,1.746011149477006086e+00,0.000000000000000000e+00,-0.000000000000000000e+00,0.000000000000000000e+00,9.996504166066598751e-01,-2.643945116925488364e-02
-1.290483378819792692e+00,1.660872501302359749e+00,0.000000000000000000e+00,-0.000000000000000000e+00,0.000000000000000000e+00,9.986744370743519950e-01,-5.147201894453060089e-02
-1.327397295044575154e+00,1.724000204954463600e+00,0.000000000000000000e+00,-0.000000000000000000e+00,0.000000000000000000e+00,9.993788195880224379e-01,-3.524166509759283500e-02
-1.325866063199409250e+00,1.673885269517197294e+00,0.000000000000000000e+00,-0.000000000000000000e+00,0.000000000000000000e+00,9.955721321443744554e-01,-9.400068987781019791e-02
-1.318932020047221876e+00,1.747132973176881876e+00,0.000000000000000000e+00,-0.000000000000000000e+00,0.000000000000000000e+00,9.978332265387928057e-01,-6.579401200095738589e-02
-1.389797707191760878e+00,1.517714318956302710e+00,0.000000000000000000e+00,-0.000000000000000000e+00,0.000000000000000000e+00,9.952626316462944711e-01,-9.722290907236025292e-02
-1.385352653204019457e+00,1.748255897281714377e+00,0.000000000000000000e+00,-0.000000000000000000e+00,0.000000000000000000e+00,9.993271055418458948e-01,-3.667882399091203227e-02
-1.270063967144076322e+00,1.653554282205793369e+00,0.000000000000000000e+00,-0.000000000000000000e+00,0.000000000000000000e+00,9.961877273613162220e-01,-8.723538189688763433e-02
-1.358183720292189145e+00,1.817860300732478507e+00,0.000000000000000000e+00,-0.000000000000000000e+00,0.000000000000000000e+00,9.977542455826177159e-01,-6.698108256710542940e-02
-1.448969967455424612e+00,1.869038029088853747e+00,0.000000000000000000e+00,-0.000000000000000000e+00,0.000000000000000000e+00,9.983028446189994298e-01,-5.823598909277562935e-02
-1.357286639065536926e+00,1.672934331323061796e+00,0.000000000000000000e+00,-0.000000000000000000e+00,0.000000000000000000e+00,9.985086946792564033e-01,-5.459291758028152891e-02
-1.412801676859972044e+00,1.687313413666654771e+00,0.000000000000000000e+00,-0.000000000000000000e+00,0.000000000000000000e+00,9.976102520619194447e-01,-6.909258267682234778e-02
-1.384488369626581949e+00,1.673829216484733706e+00,0.000000000000000000e+00,-0.000000000000000000e+00,0.000000000000000000e+00,9.973542849176865177e-01,-7.269408749224477717e-02
-1.275253949949200161e+00,1.755118019274345409e+00,0.000000000000000000e+00,-0.000000000000000000e+00,0.000000000000000000e+00,9.980986129854244604e-01,-6.163731626678741610e-02
-1.387652052328162133e+00,1.780853920733676654e+00,0.000000000000000000e+00,-0.000000000000000000e+00,0.000000000000000000e+00,9.976129576069168170e-01,-6.905350689704277400e-02
-1.322919624702060482e+00,1.701776899283961253e+00,0.000000000000000000e+00,-0.000000000000000000e+00,0.000000000000000000e+00,9.996162499196101781e-01,-2.770113529542505768e-02
-1.439218828122615923e+00,1.752525411609394679e+00,0.000000000000000000e+00,-0.000000000000000000e+00,0.000000000000000000e+00,9.981824073998676328e-01,-6.026509402137153470e-02
-1.384665945283853006e+00,1.801056821670830477e+00,0.000000000000000000e+00,-0.000000000000000000e+00,0.000000000000000000e+00,9.983581755675373648e-01,-5.727960612170972243e-02
-1.305863111511493146e+00,1.777223113684365252e+00,0.000000000000000000e+00,-0.000000000000000000e+00,0.000000000000000000e+00,9.994343250751506202e-01,-3.363078740645327608e-02
-1.306383526518051008e+00,1.913977403712830760e+00,0.000000000000000000e+00,-0.000000000000000000e+00,0.000000000000000000e+00,9.998915652648069363e-01,-1.472608951128379778e-02
-1.385969544034973522e+00,1.836276507672369052e+00,0.000000000000000000e+00,-0.000000000000000000e+00,0.000000000000000000e+00,9.988946693554041634e-01,-4.700467565421410227e-02
-1.442114245650381710e+00,1.501581309559617994e+00,0.000000000000000000e+00,-0.000000000000000000e+00,0.000000000000000000e+00,9.910790930456424563e-01,-1.332750213949592810e-01
-1.475334704702276900e+00,1.880558555942418053e+00,0.000000000000000000e+00,-0.000000000000000000e+00,0.000000000000000000e+00,9.996892023653718429e-01,-2.492987513178860151e-02
-1.425445050749280185e+00,1.574147923582185138e+00,0.000000000000000000e+00,-0.000000000000000000e+00,0.000000000000000000e+00,9.968344566051947631e-01,-7.950513269359475721e-02
-1.446347074369113805e+00,1.869940397488242256e+00,0.000000000000000000e+00,-0.000000000000000000e+00,0.000000000000000000e+00,9.997380336925995037e-01,-2.288807524574072369e-02
-1.321728886079516441e+00,1.727373941069828334e+00,0.000000000000000000e+00,-0.000000000000000000e+00,0.000000000000000000e+00,9.975584889491939666e-01,-6.983595868462662282e-02
-1.394208666535304841e+00,1.666942807090079581e+00,0.000000000000000000e+00,-0.000000000000000000e+00,0.000000000000000000e+00,9.978382660399820470e-01,-6.571753819432105126e-02
-1.291550175438458403e+00,1.762176564637314424e+00,0.000000000000000000e+00,-0.000000000000000000e+00,0.000000000000000000e+00,9.987047933049222337e-01,-5.087962096726544176e-02
-1.377749406793226550e+00,1.829962549308012498e+00,0.000000000000000000e+00,-0.000000000000000000e+00,0.000000000000000000e+00,9.982996327776699763e-01,-5.829102157253188837e-02
-1.350303135234254714e+00,1.608022471559853450e+00,0.000000000000000000e+00,-0.000000000000000000e+00,0.000000000000000000e+00,9.973374227745784859e-01,-7.292506519271485521e-02
-1.366886886460209949e+00,1.843934535375113981e+00,0.000000000000000000e+00,-0.000000000000000000e+00,0.000000000000000000e+00,9.994453517443314672e-01,-3.330148460128266874e-02
-1.333685166838202374e+00,1.610524935060928087e+00,0.000000000000000000e+00,-0.000000000000000000e+00,0.000000000000000000e+00,9.961940719626228846e-01,-8.716289914022237739e-02
-1.414852046722374190e+00,1.692511766706505716e+00,0.000000000000000000e+00,-0.000000000000000000e+00,0.000000000000000000e+00,9.976481536676551354e-01,-6.854313593292088447e-02
-1.433455800556060256e+00,1.768104021729956621e+00,0.000000000000000000e+00,-0.000000000000000000e+00,0.000000000000000000e+00,9.994347535429072282e-01,-3.361805185652892020e-02
-1.385352653204019457e+00,1.748255897281714377e+00,0.000000000000000000e+00,-0.000000000000000000e+00,0.000000000000000000e+00,9.993271055418458948e-01,-3.667882399091203227e-02
-1.327397295044575154e+00,1.724000204954463600e+00,0.000000000000000000e+00,-0.000000000000000000e+00,0.000000000000000000e+00,9.993788195880224379e-01,-3.524166509759283500e-02
-1.356259212259703695e+00,1.695029631350298160e+00,0.000000000000000000e+00,-0.000000000000000000e+00,0.000000000000000000e+00,9.979500966904129022e-01,-6.399691020350586901e-02
-1.310577813843019968e+00,1.741044460945903261e+00,0.000000000000000000e+00,-0.000000000000000000e+00,0.000000000000000000e+00,9.982798922362139393e-01,-5.862812257656747211e-02
-1.357125115202054255e+00,1.604654573450039257e+00,0.000000000000000000e+00,-0.000000000000000000e+00,0.000000000000000000e+00,9.976658155632662783e-01,-6.828558015044497442e-02
-1.349321886102436086e+00,1.684542040910339544e+00,0.000000000000000000e+00,-0.000000000000000000e+00,0.000000000000000000e+00,9.977264479955595400e-01,-6.739387932270990422e-02
-1.340993695363977833e+00,1.723367135932822869e+00,0.000000000000000000e+00,-0.000000000000000000e+00,0.000000000000000000e+00,9.963762371959634656e-01,-8.505524058641679430e-02
-1.386002221038388216e+00,1.916406172154828891e+00,0.000000000000000000e+00,-0.000000000000000000e+00,0.000000000000000000e+00,9.999665247990026096e-01,-8.182254054091713663e-03
-1.357125115202054255e+00,1.604654573450039257e+00,0.000000000000000000e+00,-0.000000000000000000e+00,0.000000000000000000e+00,9.976658155632662783e-01,-6.828558015044497442e-02
-1.461361873582427862e+00,1.717851980192663053e+00,0.000000000000000000e+00,-0.000000000000000000e+00,0.000000000000000000e+00,9.992073979469091594e-01,-3.980673169411287626e-02
-1.329418288666903480e+00,1.696729778420836832e+00,0.000000000000000000e+00,-0.000000000000000000e+00,0.000000000000000000e+00,9.970147869675493046e-01,-7.721084488627402709e-02
-1.356259212259703695e+00,1.695029631350298160e+00,0.000000000000000000e+00,-0.000000000000000000e+00,0.000000000000000000e+00,9.979500966904129022e-01,-6.399691020350586901e-02
-1.446166982813467561e+00,1.707673181361454295e+00,0.000000000000000000e+00,-0.000000000000000000e+00,0.000000000000000000e+00,9.971943737286016463e-01,-7.485573461012819119e-02
-1.305863111511493146e+00,1.777223113684365252e+00,0.000000000000000000e+00,-0.000000000000000000e+00,0.000000000000000000e+00,9.994343250751506202e-01,-3.363078740645327608e-02
-1.382532364318896034e+00,1.714541263044165209e+00,0.000000000000000000e+00,-0.000000000000000000e+00,0.000000000000000000e+00,9.987178656111075359e-01,-5.062237557833181717e-02
-1.479891292051540796e+00,1.692692497000191976e+00,0.000000000000000000e+00,-0.000000000000000000e+00,0.000000000000000000e+00,9.984151075717407897e-01,-5.627853029805568452e-02
-1.267171864400624681e+00,1.679479876211278366e+00,0.000000000000000000e+00,-0.000000000000000000e+00,0.000000000000000000e+00,9.983746811827494128e-01,-5.699119206722644965e-02
-1.398016438025042163e+00,1.659148582893365864e+00,0.000000000000000000e+00,-0.000000000000000000e+00,0.000000000000000000e+00,9.980319038805649523e-01,-6.270820390136130906e-02
-1.310063205198714886e+00,1.813185648332291455e+00,0.000000000000000000e+00,0.000000000000000000e+00,0.000000000000000000e+00,9.999986543274826944e-01,1.640531384606098032e-03
-1.361836821583484847e+00,1.655566133170756071e+00,0.000000000000000000e+00,-0.000000000000000000e+00,0.000000000000000000e+00,9.965636324027060677e-01,-8.283071032125846611e-02
-1.346695422347638837e+00,1.746222595962120261e+00,0.000000000000000000e+00,-0.000000000000000000e+00,0.000000000000000000e+00,9.993231747767290507e-01,-3.678576292751127574e-02
-1.475584571872018413e+00,1.762290533860578545e+00,0.000000000000000000e+00,-0.000000000000000000e+00,0.000000000000000000e+00,9.990002223844459683e-01,-4.470520859841201761e-02
-1.365049949177978617e+00,1.633330453283406092e+00,0.000000000000000000e+00,-0.000000000000000000e+00,0.000000000000000000e+00,9.954614406506889779e-01,-9.516575107492578067e-02
-1.397832950347795755e+00,1.691364505247233918e+00,0.000000000000000000e+00,-0.000000000000000000e+00,0.000000000000000000e+00,9.978038070768412426e-01,-6.623867890410965742e-02
-1.386002221038388216e+00,1.916406172154828891e+00,0.000000000000000000e+00,-0.000000000000000000e+00,0.000000000000000000e+00,9.999665247990026096e-01,-8.182254054091713663e-03
-1.424474387690338961e+00,1.693159081952378964e+00,0.000000000000000000e+00,-0.000000000000000000e+00,0.000000000000000000e+00,9.982687004427212019e-01,-5.881837906981501191e-02
-1.462936662999002824e+00,1.789168170969141158e+00,0.000000000000000000e+00,-0.000000000000000000e+00,0.000000000000000000e+00,9.997526821171073275e-01,-2.223903324450390503e-02
-1.435932411308442402e+00,1.760113392657551401e+00,0.000000000000000000e+00,-0.000000000000000000e+00,0.000000000000000000e+00,9.984687019386943030e-01,-5.531953767755842105e-02
-1.434202180643144642e+00,1.775390709460930028e+00,0.000000000000000000e+00,-0.000000000000000000e+00,0.000000000000000000e+00,9.992534706593324545e-01,-3.863290534348494398e-02
-1.327397295044575154e+00,1.724000204954463600e+00,0.000000000000000000e+00,-0.000000000000000000e+00,0.000000000000000000e+00,9.993788195880224379e-01,-3.524166509759283500e-02
-1.366886886460209949e+00,1.843934535375113981e+00,0.000000000000000000e+00,-0.000000000000000000e+00,0.000000000000000000e+00,9.994453517443314672e-01,-3.330148460128266874e-02
-1.444615208859691080e+00,1.694522193952086031e+00,0.000000000000000000e+00,-0.000000000000000000e+00,0.000000000000000000e+00,9.976450046771675462e-01,-6.858895423240098099e-02
-1.352136127997248138e+00,1.739853375249958978e+00,0.000000000000000000e+00,-0.000000000000000000e+00,0.000000000000000000e+00,9.982290309199789435e-01,-5.948782924733107130e-02
-1.399832805458765428e+00,1.744216762294872769e+00,0.000000000000000000e+00,-0.000000000000000000e+00,0.000000000000000000e+00,9.997430180797451937e-01,-2.266931407877570415e-02
-1.320554611266849587e+00,1.642841983051178456e+00,0.000000000000000000e+00,-0.000000000000000000e+00,0.000000000000000000e+00,9.941527177564729589e-01,-1.079832106274793424e-01
-1.456516421968274910e+00,1.720219665649531660e+00,0.000000000000000000e+00,-0.000000000000000000e+00,0.000000000000000000e+00,9.990497137721099374e-01,-4.358519716446449671e-02
-1.448310946447821879e+00,1.687253159195922114e+00,0.000000000000000000e+00,-0.000000000000000000e+00,0.000000000000000000e+00,9.976400012665165296e-01,-6.866169145123786344e-02
-1.480892289815533447e+00,1.681468557157244526e+00,0.000000000000000000e+00,-0.000000000000000000e+00,0.000000000000000000e+00,9.977541265982039498e-01,-6.698285494255402928e-02
-1.457621588814534297e+00,1.871524925668588191e+00,0.000000000000000000e+00,-0.000000000000000000e+00,0.000000000000000000e+00,9.991871217143091233e-01,-4.031247698013974007e-02
-1.475584571872018413e+00,1.762290533860578545e+00,0.000000000000000000e+00,-0.000000000000000000e+00,0.000000000000000000e+00,9.990002223844459683e-01,-4.470520859841201761e-02
-1.469387257530686330e+00,1.691179488090001737e+00,0.000000000000000000e+00,-0.000000000000000000e+00,0.000000000000000000e+00,9.996472814464875123e-01,-2.655772386043405223e-02
-1.393086716838158878e+00,1.602908570707977320e+00,0.000000000000000000e+00,-0.000000000000000000e+00,0.000000000000000000e+00,9.981385846206166645e-01,-6.098660419757791218e-02
-1.445298190692316354e+00,1.682217315899827259e+00,0.000000000000000000e+00,-0.000000000000000000e+00,0.000000000000000000e+00,9.980849211729038162e-01,-6.185863017621928001e-02
-1.403869834863997967e+00,1.738873251218103988e+00,0.000000000000000000e+00,-0.000000000000000000e+00,0.000000000000000000e+00,9.979343579717940838e-01,-6.424186469447444592e-02
-1.340303795241502005e+00,1.683087074389767013e+00,0.000000000000000000e+00,-0.000000000000000000e+00,0.000000000000000000e+00,9.973974985116741410e-01,-7.209875146391282741e-02
-1.369498683751989576e+00,1.848671190590345459e+00,0.000000000000000000e+00,-0.000000000000000000e+00,0.000000000000000000e+00,9.997891239885596804e-01,-2.053551933087028464e-02
-1.275046784638207864e+00,1.650931209044774972e+00,0.000000000000000000e+00,-0.000000000000000000e+00,0.000000000000000000e+00,9.972500048028803965e-01,-7.411091633932945233e-02
-1.292299280938530526e+00,1.854584027394563073e+00,0.000000000000000000e+00,-0.000000000000000000e+00,0.000000000000000000e+00,9.986007329507610164e-01,-5.288266398549509861e-02
-1.500355452674178025e+00,1.815440883309998643e+00,0.000000000000000000e+00,-0.000000000000000000e+00,0.000000000000000000e+00,9.998101909108647600e-01,-1.948286813537009055e-02
-1.286817841083508496e+00,1.645932995396104825e+00,0.000000000000000000e+00,-0.000000000000000000e+00,0.000000000000000000e+00,9.982531922274645586e-01,-5.908099700984006941e-02
-1.371377222863217726e+00,1.769108566280360950e+00,0.000000000000000000e+00,-0.000000000000000000e+00,0.000000000000000000e+00,9.982879711571579495e-01,-5.849039786944006114e-02
-1.392980118913891063e+00,1.815589353927869132e+00,0.000000000000000000e+00,-0.000000000000000000e+00,0.000000000000000000e+00,9.988712371398996703e-01,-4.750001699585276044e-02
-1.454381450852023194e+00,1.700082720271822945e+00,0.000000000000000000e+00,-0.000000000000000000e+00,0.000000000000000000e+00,9.980482376746718787e-01,-6.244770031379650449e-02
-1.447564045570467695e+00,1.723604502990070175e+00,0.000000000000000000e+00,-0.000000000000000000e+00,0.000000000000000000e+00,9.985810425043395444e-01,-5.325318348180090727e-02
-1.437632353355464687e+00,1.680569023193300149e+00,0.000000000000000000e+00,-0.000000000000000000e+00,0.000000000000000000e+00,9.959284923584444948e-01,-9.014675872506817955e-02
-1.416413362354938199e+00,1.818638457080754778e+00,0.000000000000000000e+00,-0.000000000000000000e+00,0.000000000000000000e+00,9.992278581304006035e-01,-3.928978920956538445e-02
-1.346695422347638837e+00,1.746222595962120261e+00,0.000000000000000000e+00,-0.000000000000000000e+00,0.000000000000000000e+00,9.993231747767290507e-01,-3.678576292751127574e-02
-1.373746604938071991e+00,1.671408162341896819e+00,0.000000000000000000e+00,-0.000000000000000000e+00,0.000000000000000000e+00,9.983190387286410283e-01,-5.795771658650909069e-02
-1.351663931182478740e+00,1.940022926018299509e+00,0.000000000000000000e+00,-0.000000000000000000e+00,0.000000000000000000e+00,9.998548289358213381e-01,-1.703881022018382749e-02
-1.288644603300456826e+00,1.670746247118972017e+00,0.000000000000000000e+00,-0.000000000000000000e+00,0.000000000000000000e+00,9.978268733586146411e-01,-6.589029369619744947e-02
-1.310537155274102084e+00,1.854521078977170667e+00,0.000000000000000000e+00,-0.000000000000000000e+00,0.000000000000000000e+00,9.996023884327325248e-01,-2.819689769418965222e-02
-1.306785989732884623e+00,1.779920581830865878e+00,0.000000000000000000e+00,-0.000000000000000000e+00,0.000000000000000000e+00,9.994628854727248823e-01,-3.277103236907435990e-02
-1.416413362354938199e+00,1.818638457080754778e+00,0.000000000000000000e+00,-0.000000000000000000e+00,0.000000000000000000e+00,9.992278581304006035e-01,-3.928978920956538445e-02
-1.267171864400624681e+00,1.679479876211278366e+00,0.000000000000000000e+00,-0.000000000000000000e+00,0.000000000000000000e+00,9.983746811827494128e-01,-5.699119206722644965e-02
-1.373525624018813618e+00,1.766091352261760949e+00,0.000000000000000000e+00,-0.000000000000000000e+00,0.000000000000000000e+00,9.988882107742312888e-01,-4.714172648784513420e-02
-1.371856916267338411e+00,1.791773034817894406e+00,0.000000000000000000e+00,-0.000000000000000000e+00,0.000000000000000000e+00,9.994535514733875470e-01,-3.305447696202039320e-02
-1.444608252923742731e+00,1.554302955798660069e+00,0.000000000000000000e+00,-0.000000000000000000e+00,0.000000000000000000e+00,9.957438839664536356e-01,-9.216353695145226843e-02
-1.343230996881147998e+00,1.688724087517873507e+00,0.000000000000000000e+00,-0.000000000000000000e+00,0.000000000000000000e+00,9.973680841221301829e-01,-7.250451554593974335e-02
-1.343698812955697708e+00,1.714394532985187958e+00,0.000000000000000000e+00,-0.000000000000000000e+00,0.000000000000000000e+00,9.990662153447177340e-01,-4.320529315699846856e-02
-1.471221810688144060e+00,1.714581413789217690e+00,0.000000000000000000e+00,-0.000000000000000000e+00,0.000000000000000000e+00,9.970809514915286442e-01,-7.635166123109464464e-02
-1.530201290018468274e+00,1.710768528469692074e+00,0.000000000000000000e+00,-0.000000000000000000e+00,0.000000000000000000e+00,9.952196604020430160e-01,-9.766180189430334613e-02
-1.388814599334600164e+00,1.772978405452235062e+00,0.000000000000000000e+00,-0.000000000000000000e+00,0.000000000000000000e+00,9.993499527610838484e-01,-3.605096276688737195e-02
-1.464216715775300992e+00,1.744887995286960258e+00,0.000000000000000000e+00,-0.000000000000000000e+00,0.000000000000000000e+00,9.993944479668601666e-01,-3.479565163946347905e-02
-1.374102527003018270e+00,1.784768873132487998e+00,0.000000000000000000e+00,-0.000000000000000000e+00,0.000000000000000000e+00,9.995503485790532272e-01,-2.998500717847329272e-02
-1.351490815743973117e+00,1.766592032540377222e+00,0.000000000000000000e+00,-0.000000000000000000e+00,0.000000000000000000e+00,9.985609541442929116e-01,-5.362854518294660200e-02
-1.318932020047221876e+00,1.747132973176881876e+00,0.000000000000000000e+00,-0.000000000000000000e+00,0.000000000000000000e+00,9.978332265387928057e-01,-6.579401200095738589e-02
-1.322455833684767379e+00,1.777390383787149419e+00,0.000000000000000000e+00,-0.000000000000000000e+00,0.000000000000000000e+00,9.993854074167011214e-01,-3.505434983785045422e-02
-1.354533112314394439e+00,1.850849809565024096e+00,0.000000000000000000e+00,-0.000000000000000000e+00,0.000000000000000000e+00,9.995785460092958541e-01,-2.902981842764607717e-02
-1.373746604938071991e+00,1.671408162341896819e+00,0.000000000000000000e+00,-0.000000000000000000e+00,0.000000000000000000e+00,9.983190387286410283e-01,-5.795771658650909069e-02
-1.364914386615120323e+00,1.836389497233178680e+00,0.000000000000000000e+00,-0.000000000000000000e+00,0.000000000000000000e+00,9.979547575960238115e-01,-6.392418784358014361e-02
-1.373274118395294341e+00,1.620642133693737552e+00,0.000000000000000000e+00,-0.000000000000000000e+00,0.000000000000000000e+00,9.953008087912803559e-01,-9.683129669390513894e-02
-1.368746157927704266e+00,1.771042224864114001e+00,0.000000000000000000e+00,-0.000000000000000000e+00,0.000000000000000000e+00,9.994856048639566559e-01,-3.207063563028890452e-02
-1.446166982813467561e+00,1.707673181361454295e+00,0.000000000000000000e+00,-0.000000000000000000e+00,0.000000000000000000e+00,9.971943737286016463e-01,-7.485573461012819119e-02
-1.371531201768470432e+00,1.632139415971989749e+00,0.000000000000000000e+00,-0.000000000000000000e+00,0.000000000000000000e+00,9.963605580313779075e-01,-8.523871420546694222e-02
-1.427541781633016038e+00,1.573978489401993475e+00,0.000000000000000000e+00,-0.000000000000000000e+00,0.000000000000000000e+00,9.969367243270421675e-01,-7.821232440010372766e-02
-1.431403362050559736e+00,1.735020983347081325e+00,0.000000000000000000e+00,-0.000000000000000000e+00,0.000000000000000000e+00,9.987767873769802796e-01,-4.944622328265564637e-02
-1.328014135978366150e+00,1.709733612591258112e+00,0.000000000000000000e+00,-0.000000000000000000e+00,0.000000000000000000e+00,9.970144171843781100e-01,-7.721561970543840137e-02
-1.388814599334600164e+00,1.772978405452235062e+00,0.000000000000000000e+00,-0.000000000000000000e+00,0.000000000000000000e+00,9.993499527610838484e-01,-3.605096276688737195e-02
-1.405351261802123553e+00,1.677999505817750370e+00,0.000000000000000000e+00,-0.000000000000000000e+00,0.000000000000000000e+00,9.988341218921714670e-01,-4.827418506712291557e-02
-1.314258006670278478e+00,1.791516484306532542e+00,0.000000000000000000e+00,-0.000000000000000000e+00,0.000000000000000000e+00,9.995416179862186556e-01,-3.027464142631894686e-02
-1.375204567482263274e+00,1.765219410929812938e+00,0.000000000000000000e+00,-0.000000000000000000e+00,0.000000000000000000e+00,9.994427536812693358e-01,-3.337936659077874596e-02
-1.273549829382510268e+00,1.696683197841764468e+00,0.000000000000000000e+00,-0.000000000000000000e+00,0.000000000000000000e+00,9.985638972190021834e-01,-5.357371716427847264e-02
-1.457596644335504843e+00,1.734351216037386845e+00,0.000000000000000000e+00,-0.000000000000000000e+00,0.000000000000000000e+00,9.987832879834905864e-01,-4.931474064504055843e-02
-1.419229159153862163e+00,1.428812183218534759e+00,0.000000000000000000e+00,-0.000000000000000000e+00,0.000000000000000000e+00,9.942076048095149776e-01,-1.074766883511367455e-01
-1.403896883946983865e+00,1.887137837961175624e+00,0.000000000000000000e+00,-0.000000000000000000e+00,0.000000000000000000e+00,9.998245149049164171e-01,-1.873337650154235923e-02
-1.338192373171341654e+00,1.778382529734907180e+00,0.000000000000000000e+00,-0.000000000000000000e+00,0.000000000000000000e+00,9.993376330105619987e-01,-3.639086765724700717e-02
-1.347803162421777889e+00,1.847197692269362923e+00,0.000000000000000000e+00,-0.000000000000000000e+00,0.000000000000000000e+00,9.996789165785362474e-01,-2.533897686103199140e-02
-1.296421480327179632e+00,1.798418267256877590e+00,0.000000000000000000e+00,-0.000000000000000000e+00,0.000000000000000000e+00,9.990736812054530347e-01,-4.303230789284810676e-02
-1.343698812955697708e+00,1.714394532985187958e+00,0.000000000000000000e+00,-0.000000000000000000e+00,0.000000000000000000e+00,9.990662153447177340e-01,-4.320529315699846856e-02
-1.441126767851360846e+00,1.742388252491983591e+00,0.000000000000000000e+00,-0.000000000000000000e+00,0.000000000000000000e+00,9.986785018648574042e-01,-5.139309207436340565e-02
-1.288644603300456826e+00,1.670746247118972017e+00,0.000000000000000000e+00,-0.000000000000000000e+00,0.000000000000000000e+00,9.978268733586146411e-01,-6.589029369619744947e-02
-1.438744985721568170e+00,1.806640688989322063e+00,0.000000000000000000e+00,-0.000000000000000000e+00,0.000000000000000000e+00,9.987522641322649219e-01,-4.993911183305659029e-02
-1.416413362354938199e+00,1.818638457080754778e+00,0.000000000000000000e+00,-0.000000000000000000e+00,0.000000000000000000e+00,9.992278581304006035e-01,-3.928978920956538445e-02
-1.425445050749280185e+00,1.574147923582185138e+00,0.000000000000000000e+00,-0.000000000000000000e+00,0.000000000000000000e+00,9.968344566051947631e-01,-7.950513269359475721e-02
-1.243759587019837465e+00,1.714389693751093402e+00,0.000000000000000000e+00,-0.000000000000000000e+00,0.000000000000000000e+00,9.989991720403187392e-01,-4.472867383186884122e-02
-1.329418288666903480e+00,1.696729778420836832e+00,0.000000000000000000e+00,-0.000000000000000000e+00,0.000000000000000000e+00,9.970147869675493046e-01,-7.721084488627402709e-02
-1.371531201768470432e+00,1.632139415971989749e+00,0.000000000000000000e+00,-0.000000000000000000e+00,0.000000000000000000e+00,9.963605580313779075e-01,-8.523871420546694222e-02
-1.371335652265731841e+00,1.747922541717762623e+00,0.000000000000000000e+00,-0.000000000000000000e+00,0.000000000000000000e+00,9.988794399298420723e-01,-4.732720660936007989e-02
-1.355516347042210024e+00,1.601934994619996333e+00,0.000000000000000000e+00,-0.000000000000000000e+00,0.000000000000000000e+00,9.948806602036865954e-01,-1.010567758870071775e-01
-1.367415602229290927e+00,1.790351395699755876e+00,0.000000000000000000e+00,-0.000000000000000000e+00,0.000000000000000000e+00,9.991161714514310566e-01,-4.203422348794755986e-02
-1.372096867946144050e+00,1.635979789077505853e+00,0.000000000000000000e+00,-0.000000000000000000e+00,0.000000000000000000e+00,9.979629617140903797e-01,-6.379597986426001344e-02
-1.318932020047221876e+00,1.747132973176881876e+00,0.000000000000000000e+00,-0.000000000000000000e+00,0.000000000000000000e+00,9.978332265387928057e-01,-6.579401200095738589e-02
-1.364914386615120323e+00,1.836389497233178680e+00,0.000000000000000000e+00,-0.000000000000000000e+00,0.000000000000000000e+00,9.979547575960238115e-01,-6.392418784358014361e-02
-1.329884625878995363e+00,1.734097932924646868e+00,0.000000000000000000e+00,-0.000000000000000000e+00,0.000000000000000000e+00,9.958802062064382454e-01,-9.067863522474355065e-02
-1.343196119675081235e+00,1.746053611489903012e+00,0.000000000000000000e+00,-0.000000000000000000e+00,0.000000000000000000e+00,9.983197255792044533e-01,-5.794588440486507508e-02
-1.310577813843019968e+00,1.741044460945903261e+00,0.000000000000000000e+00,-0.000000000000000000e+00,0.000000000000000000e+00,9.982798922362139393e-01,-5.862812257656747211e-02
-1.361513956855358920e+00,1.855295017786887879e+00,0.000000000000000000e+00,-0.000000000000000000e+00,0.000000000000000000e+00,9.998627821373985425e-01,-1.656553338896743152e-02
-1.471221810688144060e+00,1.714581413789217690e+00,0.000000000000000000e+00,-0.000000000000000000e+00,0.000000000000000000e+00,9.970809514915286442e-01,-7.635166123109464464e-02
-1.447992938503386728e+00,1.628266779127581554e+00,0.000000000000000000e+00,-0.000000000000000000e+00,0.000000000000000000e+00,9.972903716742209657e-01,-7.356571596806674163e-02
-1.433995628017398882e+00,1.698248275055683099e+00,0.000000000000000000e+00,-0.000000000000000000e+00,0.000000000000000000e+00,9.986656132843968470e-01,-5.164293604453020631e-02
-1.305863111511493146e+00,1.777223113684365252e+00,0.000000000000000000e+00,-0.000000000000000000e+00,0.000000000000000000e+00,9.994343250751506202e-01,-3.363078740645327608e-02
-1.477646739831418365e+00,1.887290852923080964e+00,0.000000000000000000e+00,-0.000000000000000000e+00,0.000000000000000000e+00,9.996510268291927126e-01,-2.641636915514036787e-02
-1.348674958855291095e+00,1.727740381937181269e+00,0.000000000000000000e+00,-0.000000000000000000e+00,0.000000000000000000e+00,9.972118681131068030e-01,-7.462231632941715431e-02
-1.350303135234254714e+00,1.608022471559853450e+00,0.000000000000000000e+00,-0.000000000000000000e+00,0.000000000000000000e+00,9.973374227745784859e-01,-7.292506519271485521e-02
-1.366141392516901032e+00,1.531568239094614148e+00,0.000000000000000000e+00,-0.000000000000000000e+00,0.000000000000000000e+00,9.948160208017391426e-01,-1.016911242744110849e-01
-1.318932020047221876e+00,1.747132973176881876e+00,0.000000000000000000e+00,-0.000000000000000000e+00,0.000000000000000000e+00,9.978332265387928057e-01,-6.579401200095738589e-02
-1.468124148614715629e+00,1.808580840833713177e+00,0.000000000000000000e+00,-0.000000000000000000e+00,0.000000000000000000e+00,9.984049045922710475e-01,-5.645924624096752137e-02
-1.343063494202032304e+00,1.852849200317965517e+00,0.000000000000000000e+00,-0.000000000000000000e+00,0.000000000000000000e+00,9.997320043941118062e-01,-2.314993283212011047e-02
-1.391603420544959668e+00,1.781933675057357558e+00,0.000000000000000000e+00,-0.000000000000000000e+00,0.000000000000000000e+00,9.997541356051375949e-01,-2.217359556824407413e-02
-1.384707509839994799e+00,1.710005235626122611e+00,0.000000000000000000e+00,-0.000000000000000000e+00,0.000000000000000000e+00,9.998112658043721845e-01,-1.942762905398141837e-02
-1.288644603300456826e+00,1.670746247118972017e+00,0.000000000000000000e+00,-0.000000000000000000e+00,0.000000000000000000e+00,9.978268733586146411e-01,-6.589029369619744947e-02
-1.439445595113042931e+00,1.809946950155899570e+00,0.000000000000000000e+00,-0.000000000000000000e+00,0.000000000000000000e+00,9.989311683467090308e-01,-4.622251513579627574e-02
-1.398016438025042163e+00,1.659148582893365864e+00,0.000000000000000000e+00,-0.000000000000000000e+00,0.000000000000000000e+00,9.980319038805649523e-01,-6.270820390136130906e-02
-1.388092259959362584e+00,1.677658604909930906e+00,0.000000000000000000e+00,-0.000000000000000000e+00,0.000000000000000000e+00,9.982475373944370567e-01,-5.917646564253457864e-02
-1.411441354207443322e+00,1.534655404407575530e+00,0.000000000000000000e+00,-0.000000000000000000e+00,0.000000000000000000e+00,9.965897994309470542e-01,-8.251528143431821616e-02
-1.296421480327179632e+00,1.798418267256877590e+00,0.000000000000000000e+00,-0.000000000000000000e+00,0.000000000000000000e+00,9.990736812054530347e-01,-4.303230789284810676e-02
-1.313117504414400338e+00,1.667665232167896194e+00,0.000000000000000000e+00,-0.000000000000000000e+00,0.000000000000000000e+00,9.967014609603752628e-01,-8.115539242375474638e-02
-1.343230996881147998e+00,1.688724087517873507e+00,0.000000000000000000e+00,-0.000000000000000000e+00,0.000000000000000000e+00,9.973680841221301829e-01,-7.250451554593974335e-02
-1.369740775980670122e+00,1.874625342034951014e+00,0.000000000000000000e+00,-0.000000000000000000e+00,0.000000000000000000e+00,9.996495005872989559e-01,-2.647406231698713058e-02
-1.399311731789521840e+00,1.820971316885754865e+00,0.000000000000000000e+00,-0.000000000000000000e+00,0.000000000000000000e+00,9.995844983285246954e-01,-2.882413400800677705e-02
-1.318432707019097538e+00,1.669572878030461727e+00,0.000000000000000000e+00,-0.000000000000000000e+00,0.000000000000000000e+00,9.969200129858298842e-01,-7.842504515990211811e-02
-1.448310946447821879e+00,1.687253159195922114e+00,0.000000000000000000e+00,-0.000000000000000000e+00,0.000000000000000000e+00,9.976400012665165296e-01,-6.866169145123786344e-02
-1.416854152792873078e+00,1.796772723031529351e+00,0.000000000000000000e+00,-0.000000000000000000e+00,0.000000000000000000e+00,9.989719795860174667e-01,-4.533193137285820851e-02
-1.419804858618340049e+00,1.735277690093386616e+00,0.000000000000000000e+00,-0.000000000000000000e+00,0.000000000000000000e+00,9.976443716060996447e-01,-6.859816180241747052e-02
-1.323060013259353074e+00,1.792898108686558079e+00,0.000000000000000000e+00,-0.000000000000000000e+00,0.000000000000000000e+00,9.994189412518063031e-01,-3.408489206552463291e-02
-1.431403362050559736e+00,1.735020983347081325e+00,0.000000000000000000e+00,-0.000000000000000000e+00,0.000000000000000000e+00,9.987767873769802796e-01,-4.944622328265564637e-02
-1.371556912211878920e+00,1.567491043291122654e+00,0.000000000000000000e+00,-0.000000000000000000e+00,0.000000000000000000e+00,9.978085962856839686e-01,-6.616649589023802791e-02
-1.243121929762861955e+00,1.676280078205580448e+00,0.000000000000000000e+00,-0.000000000000000000e+00,0.000000000000000000e+00,9.973326894568408374e-01,-7.298977011050718222e-02
-1.333685166838202374e+00,1.610524935060928087e+00,0.000000000000000000e+00,-0.000000000000000000e+00,0.000000000000000000e+00,9.961940719626228846e-01,-8.716289914022237739e-02
-1.355420082251546754e+00,1.705084837101404904e+00,0.000000000000000000e+00,-0.000000000000000000e+00,0.000000000000000000e+00,9.986069795920311520e-01,-5.276457438547840773e-02
-1.445298190692316354e+00,1.682217315899827259e+00,0.000000000000000000e+00,-0.000000000000000000e+00,0.000000000000000000e+00,9.980849211729038162e-01,-6.185863017621928001e-02
-1.368641738696188215e+00,1.807405106257023997e+00,0.000000000000000000e+00,-0.000000000000000000e+00,0.000000000000000000e+00,9.998786354866978643e-01,-1.557929065327177086e-02
-1.358421337984998090e+00,1.595827367547422160e+00,0.000000000000000000e+00,-0.000000000000000000e+00,0.000000000000000000e+00,9.972670089982071939e-01,-7.388174851592019254e-02
-1.395124880563671343e+00,1.679549868322934181e+00,0.000000000000000000e+00,-0.000000000000000000e+00,0.000000000000000000e+00,9.973561889653894674e-01,-7.266795946243707893e-02
-1.448969967455424612e+00,1.869038029088853747e+00,0.000000000000000000e+00,-0.000000000000000000e+00,0.000000000000000000e+00,9.983028446189994298e-01,-5.823598909277562935e-02
-1.273549829382510268e+00,1.696683197841764468e+00,0.000000000000000000e+00,-0.000000000000000000e+00,0.000000000000000000e+00,9.985638972190021834e-01,-5.357371716427847264e-02
-1.273549829382510268e+00,1.696683197841764468e+00,0.000000000000000000e+00,-0.000000000000000000e+00,0.000000000000000000e+00,9.985638972190021834e-01,-5.357371716427847264e-02
-1.455591170557259950e+00,1.719807920097478959e+00,0.000000000000000000e+00,-0.000000000000000000e+00,0.000000000000000000e+00,9.989058752026890309e-01,-4.676593295925748212e-02
-1.375478276043519577e+00,1.762333345485153524e+00,0.000000000000000000e+00,-0.000000000000000000e+00,0.000000000000000000e+00,9.984984666378572404e-01,-5.477966887311325195e-02
-1.448384138397248000e+00,1.693829888823051411e+00,0.000000000000000000e+00,-0.000000000000000000e+00,0.000000000000000000e+00,9.977834717580303936e-01,-6.654429717482834850e-02
-1.411441354207443322e+00,1.534655404407575530e+00,0.000000000000000000e+00,-0.000000000000000000e+00,0.000000000000000000e+00,9.965897994309470542e-01,-8.251528143431821616e-02
-1.360014132098763984e+00,1.676549193179371677e+00,0.000000000000000000e+00,-0.000000000000000000e+00,0.000000000000000000e+00,9.962004206286128039e-01,-8.709030910138616799e-02
-1.384964254025284447e+00,1.857003588642586855e+00,0.000000000000000000e+00,-0.000000000000000000e+00,0.000000000000000000e+00,9.997100622727590480e-01,-2.407885775106764423e-02
-1.405280534193733555e+00,1.673293819278976802e+00,0.000000000000000000e+00,-0.000000000000000000e+00,0.000000000000000000e+00,9.983642381369408625e-01,-5.717384025273765380e-02
-1.439218828122615923e+00,1.752525411609394679e+00,0.000000000000000000e+00,-0.000000000000000000e+00,0.000000000000000000e+00,9.981824073998676328e-01,-6.026509402137153470e-02
-1.358183720292189145e+00,1.817860300732478507e+00,0.000000000000000000e+00,-0.000000000000000000e+00,0.000000000000000000e+00,9.977542455826177159e-01,-6.698108256710542940e-02
-1.356149587113566701e+00,1.630445268928750968e+00,0.000000000000000000e+00,-0.000000000000000000e+00,0.000000000000000000e+00,9.985566996692964992e-01,-5.370770471321961032e-02
-1.435081158408038071e+00,1.669170377203780697e+00,0.000000000000000000e+00,-0.000000000000000000e+00,0.000000000000000000e+00,9.967114295578057837e-01,-8.103287103907348687e-02
-1.378311735249190928e+00,1.758927727206560876e+00,0.000000000000000000e+00,-0.000000000000000000e+00,0.000000000000000000e+00,9.985242870517871960e-01,-5.430698083782697222e-02
-1.479891292051540796e+00,1.692692497000191976e+00,0.000000000000000000e+00,-0.000000000000000000e+00,0.000000000000000000e+00,9.984151075717407897e-01,-5.627853029805568452e-02
-1.468124148614715629e+00,1.808580840833713177e+00,0.000000000000000000e+00,-0.000000000000000000e+00,0.000000000000000000e+00,9.984049045922710475e-01,-5.645924624096752137e-02
-1.251002823975517098e+00,1.710373096795078540e+00,0.000000000000000000e+00,-0.000000000000000000e+00,0.000000000000000000e+00,9.984361964563924774e-01,-5.590314486406039451e-02
-1.367415602229290927e+00,1.790351395699755876e+00,0.000000000000000000e+00,-0.000000000000000000e+00,0.000000000000000000e+00,9.991161714514310566e-01,-4.203422348794755986e-02
-1.431334603725818111e+00,1.622884327863157283e+00,0.000000000000000000e+00,-0.000000000000000000e+00,0.000000000000000000e+00,9.973790613498270119e-01,-7.235335500816761356e-02
-1.458081092767473441e+00,1.743537813475867893e+00,0.000000000000000000e+00,-0.000000000000000000e+00,0.000000000000000000e+00,9.955484988973225535e-01,-9.425065699127870011e-02
-1.373274118395294341e+00,1.620642133693737552e+00,0.000000000000000000e+00,-0.000000000000000000e+00,0.000000000000000000e+00,9.953008087912803559e-01,-9.683129669390513894e-02
-1.337660856837159518e+00,1.848801353905927147e+00,0.000000000000000000e+00,-0.000000000000000000e+00,0.000000000000000000e+00,9.994290226137824140e-01,-3.378799723658729853e-02
-1.447564045570467695e+00,1.723604502990070175e+00,0.000000000000000000e+00,-0.000000000000000000e+00,0.000000000000000000e+00,9.985810425043395444e-01,-5.325318348180090727e-02
-1.292299280938530526e+00,1.854584027394563073e+00,0.000000000000000000e+00,-0.000000000000000000e+00,0.000000000000000000e+00,9.986007329507610164e-01,-5.288266398549509861e-02
-1.438744985721568170e+00,1.806640688989322063e+00,0.000000000000000000e+00,-0.000000000000000000e+00,0.000000000000000000e+00,9.987522641322649219e-01,-4.993911183305659029e-02
-1.310577813843019968e+00,1.741044460945903261e+00,0.000000000000000000e+00,-0.000000000000000000e+00,0.000000000000000000e+00,9.982798922362139393e-01,-5.862812257656747211e-02
-1.339310767936409130e+00,1.772771286492005327e+00,0.000000000000000000e+00,-0.000000000000000000e+00,0.000000000000000000e+00,9.993201371245552522e-01,-3.686819140343215728e-02
-1.363586101617746404e+00,1.611217299820814075e+00,0.000000000000000000e+00,-0.000000000000000000e+00,0.000000000000000000e+00,9.974735107083901875e-01,-7.103939354385642446e-02
-1.375204567482263274e+00,1.765219410929812938e+00,0.000000000000000000e+00,-0.000000000000000000e+00,0.000000000000000000e+00,9.994427536812693358e-01,-3.337936659077874596e-02
-1.333685166838202374e+00,1.610524935060928087e+00,0.000000000000000000e+00,-0.000000000000000000e+00,0.000000000000000000e+00,9.961940719626228846e-01,-8.716289914022237739e-02
-1.320048683993851890e+00,1.727883833238601730e+00,0.000000000000000000e+00,-0.000000000000000000e+00,0.000000000000000000e+00,9.966836094225408615e-01,-8.137433691561431204e-02
-1.399832805458765428e+00,1.744216762294872769e+00,0.000000000000000000e+00,-0.000000000000000000e+00,0.000000000000000000e+00,9.997430180797451937e-01,-2.266931407877570415e-02
-1.386002221038388216e+00,1.916406172154828891e+00,0.000000000000000000e+00,-0.000000000000000000e+00,0.000000000000000000e+00,9.999665247990026096e-01,-8.182254054091713663e-03
-1.355741921105521941e+00,1.680075432494635868e+00,0.000000000000000000e+00,-0.000000000000000000e+00,0.000000000000000000e+00,9.981274238947985822e-01,-6.116899270981166620e-02
-1.374245421344688189e+00,1.935003282399109681e+00,0.000000000000000000e+00,-0.000000000000000000e+00,0.000000000000000000e+00,9.998720493607262672e-01,-1.599640294507842855e-02
-1.419229159153862163e+00,1.428812183218534759e+00,0.000000000000000000e+00,-0.000000000000000000e+00,0.000000000000000000e+00,9.942076048095149776e-01,-1.074766883511367455e-01
-1.453005480374930602e+00,1.695893361862301107e+00,0.000000000000000000e+00,-0.000000000000000000e+00,0.000000000000000000e+00,9.972538156619749072e-01,-7.405961887312026426e-02
-1.249910772585574925e+00,1.704333564967186687e+00,0.000000000000000000e+00,-0.000000000000000000e+00,0.000000000000000000e+00,9.995192094593271515e-01,-3.100564338635229678e-02
-1.420909959240215459e+00,1.643043093503417929e+00,0.000000000000000000e+00,-0.000000000000000000e+00,0.000000000000000000e+00,9.968814118343602981e-01,-7.891419859019306593e-02
-1.412801676859972044e+00,1.687313413666654771e+00,0.000000000000000000e+00,-0.000000000000000000e+00,0.000000000000000000e+00,9.976102520619194447e-01,-6.909258267682234778e-02
-1.530201290018468274e+00,1.710768528469692074e+00,0.000000000000000000e+00,-0.000000000000000000e+00,0.000000000000000000e+00,9.952196604020430160e-01,-9.766180189430334613e-02
-1.394747476415937326e+00,1.842726391498881844e+00,0.000000000000000000e+00,-0.000000000000000000e+00,0.000000000000000000e+00,9.991796944186847051e-01,-4.049615119222759602e-02
-1.544272507679781414e+00,1.806990586765379270e+00,0.000000000000000000e+00,-0.000000000000000000e+00,0.000000000000000000e+00,9.992721598844479525e-01,-3.814643469408841858e-02
-1.323060013259353074e+00,1.792898108686558079e+00,0.000000000000000000e+00,-0.000000000000000000e+00,0.000000000000000000e+00,9.994189412518063031e-01,-3.408489206552463291e-02
-1.374988078130885194e+00,1.835002973569955564e+00,0.000000000000000000e+00,-0.000000000000000000e+00,0.000000000000000000e+00,9.984150293400524401e-01,-5.627991815827502325e-02
-1.361836821583484847e+00,1.655566133170756071e+00,0.000000000000000000e+00,-0.000000000000000000e+00,0.000000000000000000e+00,9.965636324027060677e-01,-8.283071032125846611e-02
-1.395124880563671343e+00,1.679549868322934181e+00,0.000000000000000000e+00,-0.000000000000000000e+00,0.000000000000000000e+00,9.973561889653894674e-01,-7.266795946243707893e-02
-1.296421480327179632e+00,1.798418267256877590e+00,0.000000000000000000e+00,-0.000000000000000000e+00,0.000000000000000000e+00,9.990736812054530347e-01,-4.303230789284810676e-02
-1.251002823975517098e+00,1.710373096795078540e+00,0.000000000000000000e+00,-0.000000000000000000e+00,0.000000000000000000e+00,9.984361964563924774e-01,-5.590314486406039451e-02
-1.461361873582427862e+00,1.717851980192663053e+00,0.000000000000000000e+00,-0.000000000000000000e+00,0.000000000000000000e+00,9.992073979469091594e-01,-3.980673169411287626e-02
-1.406550859809126752e+00,1.734295274237665829e+00,0.000000000000000000e+00,-0.000000000000000000e+00,0.000000000000000000e+00,9.995321122020305316e-01,-3.058687098981431249e-02
-1.384665945283853006e+00,1.801056821670830477e+00,0.000000000000000000e+00,-0.000000000000000000e+00,0.000000000000000000e+00,9.983581755675373648e-01,-5.727960612170972243e-02
-1.394461362880458299e+00,1.851570730229065598e+00,0.000000000000000000e+00,-0.000000000000000000e+00,0.000000000000000000e+00,9.995649594262294713e-01,-2.949392966764795634e-02
-1.394208666535304841e+00,1.666942807090079581e+00,0.000000000000000000e+00,-0.000000000000000000e+00,0.000000000000000000e+00,9.978382660399820470e-01,-6.571753819432105126e-02
-1.370924088009282560e+00,1.688621414593921122e+00,0.000000000000000000e+00,-0.000000000000000000e+00,0.000000000000000000e+00,9.990913189549089912e-01,-4.262084453574564724e-02
-1.330881363987305610e+00,1.740237265681523704e+00,0.000000000000000000e+00,-0.000000000000000000e+00,0.000000000000000000e+00,9.966215378568371586e-01,-8.213105551417765327e-02
-1.388994865634965992e+00,1.727283711737765737e+00,0.000000000000000000e+00,-0.000000000000000000e+00,0.000000000000000000e+00,9.990481148996576133e-01,-4.362183072087429808e-02
-1.327397295044575154e+00,1.724000204954463600e+00,0.000000000000000000e+00,-0.000000000000000000e+00,0.000000000000000000e+00,9.993788195880224379e-01,-3.524166509759283500e-02
-1.500355452674178025e+00,1.815440883309998643e+00,0.000000000000000000e+00,-0.000000000000000000e+00,0.000000000000000000e+00,9.998101909108647600e-01,-1.948286813537009055e-02
-1.419804858618340049e+00,1.735277690093386616e+00,0.000000000000000000e+00,-0.000000000000000000e+00,0.000000000000000000e+00,9.976443716060996447e-01,-6.859816180241747052e-02
-1.351741180688960098e+00,1.824717866838186708e+00,0.000000000000000000e+00,-0.000000000000000000e+00,0.000000000000000000e+00,9.991307037952907866e-01,-4.168736899262029394e-02
-1.432068942984141113e+00,1.717073226821159926e+00,0.000000000000000000e+00,-0.000000000000000000e+00,0.000000000000000000e+00,9.984408262421892166e-01,-5.582039495394523071e-02
-1.480892289815533447e+00,1.681468557157244526e+00,0.000000000000000000e+00,-0.000000000000000000e+00,0.000000000000000000e+00,9.977541265982039498e-01,-6.698285494255402928e-02
-1.347240522811570917e+00,1.852330585683848785e+00,0.000000000000000000e+00,-0.000000000000000000e+00,0.000000000000000000e+00,9.996896384160015581e-01,-2.491238334010009367e-02
-1.343698812955697708e+00,1.714394532985187958e+00,0.000000000000000000e+00,-0.000000000000000000e+00,0.000000000000000000e+00,9.990662153447177340e-01,-4.320529315699846856e-02
-1.323270980247364781e+00,1.762031925097305329e+00,0.000000000000000000e+00,-0.000000000000000000e+00,0.000000000000000000e+00,9.982876897045263043e-01,-5.849520137925320190e-02
-1.384488369626581949e+00,1.673829216484733706e+00,0.000000000000000000e+00,-0.000000000000000000e+00,0.000000000000000000e+00,9.973542849176865177e-01,-7.269408749224477717e-02
-1.365171737030698162e+00,1.857965314553085445e+00,0.000000000000000000e+00,-0.000000000000000000e+00,0.000000000000000000e+00,9.998359705372925621e-01,-1.811165425217156622e-02
-1.471221810688144060e+00,1.714581413789217690e+00,0.000000000000000000e+00,-0.000000000000000000e+00,0.000000000000000000e+00,9.970809514915286442e-01,-7.635166123109464464e-02
-1.461722959993816628e+00,1.683954126247969363e+00,0.000000000000000000e+00,-0.000000000000000000e+00,0.000000000000000000e+00,9.973092036619195522e-01,-7.330997402282976583e-02
-1.468124148614715629e+00,1.808580840833713177e+00,0.000000000000000000e+00,-0.000000000000000000e+00,0.000000000000000000e+00,9.984049045922710475e-01,-5.645924624096752137e-02
-1.343196119675081235e+00,1.746053611489903012e+00,0.000000000000000000e+00,-0.000000000000000000e+00,0.000000000000000000e+00,9.983197255792044533e-01,-5.794588440486507508e-02
-1.366141392516901032e+00,1.531568239094614148e+00,0.000000000000000000e+00,-0.000000000000000000e+00,0.000000000000000000e+00,9.948160208017391426e-01,-1.016911242744110849e-01
-1.374768526621925169e+00,1.757202448629914038e+00,0.000000000000000000e+00,-0.000000000000000000e+00,0.000000000000000000e+00,9.993445224249153380e-01,-3.620118091054363302e-02
-1.448969967455424612e+00,1.869038029088853747e+00,0.000000000000000000e+00,-0.000000000000000000e+00,0.000000000000000000e+00,9.983028446189994298e-01,-5.823598909277562935e-02
-1.371531201768470432e+00,1.632139415971989749e+00,0.000000000000000000e+00,-0.000000000000000000e+00,0.000000000000000000e+00,9.963605580313779075e-01,-8.523871420546694222e-02
-1.389237836167720896e+00,1.852806637546353885e+00,0.000000000000000000e+00,-0.000000000000000000e+00,0.000000000000000000e+00,9.993173546105820204e-01,-3.694353494332060922e-02
-1.420909959240215459e+00,1.643043093503417929e+00,0.000000000000000000e+00,-0.000000000000000000e+00,0.000000000000000000e+00,9.968814118343602981e-01,-7.891419859019306593e-02
-1.351490815743973117e+00,1.766592032540377222e+00,0.000000000000000000e+00,-0.000000000000000000e+00,0.000000000000000000e+00,9.985609541442929116e-01,-5.362854518294660200e-02
-1.351490815743973117e+00,1.766592032540377222e+00,0.000000000000000000e+00,-0.000000000000000000e+00,0.000000000000000000e+00,9.985609541442929116e-01,-5.362854518294660200e-02
-1.442047099302469659e+00,1.617705089070836877e+00,0.000000000000000000e+00,-0.000000000000000000e+00,0.000000000000000000e+00,9.980749532870506480e-01,-6.201925201944732957e-02
-1.448310946447821879e+00,1.687253159195922114e+00,0.000000000000000000e+00,-0.000000000000000000e+00,0.000000000000000000e+00,9.976400012665165296e-01,-6.866169145123786344e-02
-1.384457569135212340e+00,1.812271111333836782e+00,0.000000000000000000e+00,-0.000000000000000000e+00,0.000000000000000000e+00,9.993165498145650805e-01,-3.696529814182308860e-02
-1.447564045570467695e+00,1.723604502990070175e+00,0.000000000000000000e+00,-0.000000000000000000e+00,0.000000000000000000e+00,9.985810425043395444e-01,-5.325318348180090727e-02
-1.384598266619048834e+00,1.883017496852142481e+00,0.000000000000000000e+00,-0.000000000000000000e+00,0.000000000000000000e+00,9.996146321565823056e-01,-2.775945205620212672e-02
-1.406550859809126752e+00,1.734295274237665829e+00,0.000000000000000000e+00,-0.000000000000000000e+00,0.000000000000000000e+00,9.995321122020305316e-01,-3.058687098981431249e-02
-1.403896883946983865e+00,1.887137837961175624e+00,0.000000000000000000e+00,-0.000000000000000000e+00,0.000000000000000000e+00,9.998245149049164171e-01,-1.873337650154235923e-02
-1.343196119675081235e+00,1.746053611489903012e+00,0.000000000000000000e+00,-0.000000000000000000e+00,0.000000000000000000e+00,9.983197255792044533e-01,-5.794588440486507508e-02
-1.403896883946983865e+00,1.887137837961175624e+00,0.000000000000000000e+00,-0.000000000000000000e+00,0.000000000000000000e+00,9.998245149049164171e-01,-1.873337650154235923e-02
-1.405387323189526860e+00,1.906485308387384503e+00,0.000000000000000000e+00,-0.000000000000000000e+00,0.000000000000000000e+00,9.992790529228909868e-01,-3.796543677517828091e-02
-1.374245421344688189e+00,1.935003282399109681e+00,0.000000000000000000e+00,-0.000000000000000000e+00,0.000000000000000000e+00,9.998720493607262672e-01,-1.599640294507842855e-02
-1.369406036913684899e+00,1.822116854662007013e+00,0.000000000000000000e+00,-0.000000000000000000e+00,0.000000000000000000e+00,9.990741236686205839e-01,-4.302203407299262650e-02
-1.456913084649888113e+00,1.712780885586005830e+00,0.000000000000000000e+00,-0.000000000000000000e+00,0.000000000000000000e+00,9.994429921995922061e-01,-3.337222412614856276e-02
-1.417419692925490304e+00,1.828028433627950200e+00,0.000000000000000000e+00,-0.000000000000000000e+00,0.000000000000000000e+00,9.967865157724005165e-01,-8.010394481121378696e-02
-1.327397295044575154e+00,1.724000204954463600e+00,0.000000000000000000e+00,-0.000000000000000000e+00,0.000000000000000000e+00,9.993788195880224379e-01,-3.524166509759283500e-02
-1.352453954756947851e+00,1.810037314209145265e+00,0.000000000000000000e+00,-0.000000000000000000e+00,0.000000000000000000e+00,9.997910611032161388e-01,-2.044099161257038888e-02
-1.343196119675081235e+00,1.746053611489903012e+00,0.000000000000000000e+00,-0.000000000000000000e+00,0.000000000000000000e+00,9.983197255792044533e-01,-5.794588440486507508e-02
-1.399311731789521840e+00,1.820971316885754865e+00,0.000000000000000000e+00,-0.000000000000000000e+00,0.000000000000000000e+00,9.995844983285246954e-01,-2.882413400800677705e-02
-1.512316912895620646e+00,1.569723175250690606e+00,0.000000000000000000e+00,-0.000000000000000000e+00,0.000000000000000000e+00,9.934389000574002093e-01,-1.143641196037589319e-01
-1.465719639690754139e+00,1.744151882930117470e+00,0.000000000000000000e+00,-0.000000000000000000e+00,0.000000000000000000e+00,9.995017321671466615e-01,-3.156402057522634391e-02
-1.364914386615120323e+00,1.836389497233178680e+00,0.000000000000000000e+00,-0.000000000000000000e+00,0.000000000000000000e+00,9.979547575960238115e-01,-6.392418784358014361e-02
-1.306785989732884623e+00,1.779920581830865878e+00,0.000000000000000000e+00,-0.000000000000000000e+00,0.000000000000000000e+00,9.994628854727248823e-01,-3.277103236907435990e-02
-1.429820650433906160e+00,1.728662038477158491e+00,0.000000000000000000e+00,-0.000000000000000000e+00,0.000000000000000000e+00,9.987151688687007089e-01,-5.067555102376955500e-02
-1.549965944092243531e+00,1.385517021388331438e+00,0.000000000000000000e+00,-0.000000000000000000e+00,0.000000000000000000e+00,9.879639014727666924e-01,-1.546846126371638763e-01
-1.407963663269607091e+00,1.791569970859899774e+00,0.000000000000000000e+00,-0.000000000000000000e+00,0.000000000000000000e+00,9.991184673985328279e-01,-4.197961532942864893e-02
-1.388814599334600164e+00,1.772978405452235062e+00,0.000000000000000000e+00,-0.000000000000000000e+00,0.000000000000000000e+00,9.993499527610838484e-01,-3.605096276688737195e-02
-1.442114245650381710e+00,1.501581309559617994e+00,0.000000000000000000e+00,-0.000000000000000000e+00,0.000000000000000000e+00,9.910790930456424563e-01,-1.332750213949592810e-01
-1.452090510131599288e+00,1.750434959806601132e+00,0.000000000000000000e+00,-0.000000000000000000e+00,0.000000000000000000e+00,9.986814181189842543e-01,-5.133639161311054355e-02
-1.375743784812777148e+00,1.715861428298958602e+00,0.000000000000000000e+00,-0.000000000000000000e+00,0.000000000000000000e+00,9.974549267708858746e-01,-7.129985315894170339e-02
-1.328014135978366150e+00,1.709733612591258112e+00,0.000000000000000000e+00,-0.000000000000000000e+00,0.000000000000000000e+00,9.970144171843781100e-01,-7.721561970543840137e-02
-1.354533112314394439e+00,1.850849809565024096e+00,0.000000000000000000e+00,-0.000000000000000000e+00,0.000000000000000000e+00,9.995785460092958541e-01,-2.902981842764607717e-02
-1.418275894062760889e+00,1.739412541113561694e+00,0.000000000000000000e+00,-0.000000000000000000e+00,0.000000000000000000e+00,9.986908545810811999e-01,-5.115248748701929637e-02
-1.361471994386011408e+00,1.849985637346136080e+00,0.000000000000000000e+00,-0.000000000000000000e+00,0.000000000000000000e+00,9.996317347880775417e-01,-2.713659530189102206e-02
-1.355516347042210024e+00,1.601934994619996333e+00,0.000000000000000000e+00,-0.000000000000000000e+00,0.000000000000000000e+00,9.948806602036865954e-01,-1.010567758870071775e-01
-1.274899513815221486e+00,1.761133791146901828e+00,0.000000000000000000e+00,-0.000000000000000000e+00,0.000000000000000000e+00,9.988689579238217986e-01,-4.754792210158451105e-02
-1.343698812955697708e+00,1.714394532985187958e+00,0.000000000000000000e+00,-0.000000000000000000e+00,0.000000000000000000e+00,9.990662153447177340e-01,-4.320529315699846856e-02
-1.382131260796293670e+00,1.647007695989901377e+00,0.000000000000000000e+00,-0.000000000000000000e+00,0.000000000000000000e+00,9.953791057613236015e-01,-9.602310041749201330e-02
-1.352953025483483618e+00,1.769096971028967680e+00,0.000000000000000000e+00,-0.000000000000000000e+00,0.000000000000000000e+00,9.987675269327692673e-01,-4.963292399808905825e-02
-1.475334704702276900e+00,1.880558555942418053e+00,0.000000000000000000e+00,-0.000000000000000000e+00,0.000000000000000000e+00,9.996892023653718429e-01,-2.492987513178860151e-02
-1.347915649717879250e+00,1.659987734625737010e+00,0.000000000000000000e+00,-0.000000000000000000e+00,0.000000000000000000e+00,9.980834249485533993e-01,-6.188276693042555482e-02
-1.316861238691652503e+00,1.862850191091548702e+00,0.000000000000000000e+00,-0.000000000000000000e+00,0.000000000000000000e+00,9.997368679588939377e-01,-2.293893728447470720e-02
-1.420909959240215459e+00,1.643043093503417929e+00,0.000000000000000000e+00,-0.000000000000000000e+00,0.000000000000000000e+00,9.968814118343602981e-01,-7.891419859019306593e-02
-1.347384637973479515e+00,1.684942586548488830e+00,0.000000000000000000e+00,-0.000000000000000000e+00,0.000000000000000000e+00,9.972349615027480407e-01,-7.431306450828537025e-02
-1.403034562185162315e+00,1.873001762329239206e+00,0.000000000000000000e+00,-0.000000000000000000e+00,0.000000000000000000e+00,9.997169189539740763e-01,-2.379247690286013725e-02
-1.327397295044575154e+00,1.724000204954463600e+00,0.000000000000000000e+00,-0.000000000000000000e+00,0.000000000000000000e+00,9.993788195880224379e-01,-3.524166509759283500e-02
-1.374102527003018270e+00,1.784768873132487998e+00,0.000000000000000000e+00,-0.000000000000000000e+00,0.000000000000000000e+00,9.995503485790532272e-01,-2.998500717847329272e-02
-1.373746604938071991e+00,1.671408162341896819e+00,0.000000000000000000e+00,-0.000000000000000000e+00,0.000000000000000000e+00,9.983190387286410283e-01,-5.795771658650909069e-02
-1.453005480374930602e+00,1.695893361862301107e+00,0.000000000000000000e+00,-0.000000000000000000e+00,0.000000000000000000e+00,9.972538156619749072e-01,-7.405961887312026426e-02
-1.394747476415937326e+00,1.842726391498881844e+00,0.000000000000000000e+00,-0.000000000000000000e+00,0.000000000000000000e+00,9.991796944186847051e-01,-4.049615119222759602e-02
-1.385352653204019457e+00,1.748255897281714377e+00,0.000000000000000000e+00,-0.000000000000000000e+00,0.000000000000000000e+00,9.993271055418458948e-01,-3.667882399091203227e-02
-1.335497268338407428e+00,1.876524891207628221e+00,0.000000000000000000e+00,-0.000000000000000000e+00,0.000000000000000000e+00,9.994331325321220705e-01,-3.366620853362758264e-02
-1.418466311884928999e+00,1.721312862452248016e+00,0.000000000000000000e+00,-0.000000000000000000e+00,0.000000000000000000e+00,9.972715730692275349e-01,-7.382011614748641704e-02
-1.418466311884928999e+00,1.721312862452248016e+00,0.000000000000000000e+00,-0.000000000000000000e+00,0.000000000000000000e+00,9.972715730692275349e-01,-7.382011614748641704e-02
-1.393086716838158878e+00,1.602908570707977320e+00,0.000000000000000000e+00,-0.000000000000000000e+00,0.000000000000000000e+00,9.981385846206166645e-01,-6.098660419757791218e-02
-1.358188307371109182e+00,1.836296747693115350e+00,0.000000000000000000e+00,-0.000000000000000000e+00,0.000000000000000000e+00,9.982662333542559052e-01,-5.886023568340750800e-02
-1.343698812955697708e+00,1.714394532985187958e+00,0.000000000000000000e+00,-0.000000000000000000e+00,0.000000000000000000e+00,9.990662153447177340e-01,-4.320529315699846856e-02
-1.364675367117995197e+00,1.732191739306969458e+00,0.000000000000000000e+00,-0.000000000000000000e+00,0.000000000000000000e+00,9.974294840690171027e-01,-7.165489731912501326e-02
-1.465719639690754139e+00,1.744151882930117470e+00,0.000000000000000000e+00,-0.000000000000000000e+00,0.000000000000000000e+00,9.995017321671466615e-01,-3.156402057522634391e-02
-1.354938644079271004e+00,1.760338713719392434e+00,0.000000000000000000e+00,-0.000000000000000000e+00,0.000000000000000000e+00,9.990076837344127325e-01,-4.453816161005714341e-02
-1.351741180688960098e+00,1.824717866838186708e+00,0.000000000000000000e+00,-0.000000000000000000e+00,0.000000000000000000e+00,9.991307037952907866e-01,-4.168736899262029394e-02
-1.296421480327179632e+00,1.798418267256877590e+00,0.000000000000000000e+00,-0.000000000000000000e+00,0.000000000000000000e+00,9.990736812054530347e-01,-4.303230789284810676e-02
-1.382442004193503049e+00,1.769507102253517594e+00,0.000000000000000000e+00,-0.000000000000000000e+00,0.000000000000000000e+00,9.976767806908484193e-01,-6.812518822245415551e-02
-1.444615208859691080e+00,1.694522193952086031e+00,0.000000000000000000e+00,-0.000000000000000000e+00,0.000000000000000000e+00,9.976450046771675462e-01,-6.858895423240098099e-02
-1.329418288666903480e+00,1.696729778420836832e+00,0.000000000000000000e+00,-0.000000000000000000e+00,0.000000000000000000e+00,9.970147869675493046e-01,-7.721084488627402709e-02
-1.362291296466240809e+00,1.685504009046860485e+00,0.000000000000000000e+00,-0.000000000000000000e+00,0.000000000000000000e+00,9.988685458220278868e-01,-4.755657859210764976e-02
-1.310577813843019968e+00,1.741044460945903261e+00,0.000000000000000000e+00,-0.000000000000000000e+00,0.000000000000000000e+00,9.982798922362139393e-01,-5.862812257656747211e-02
-1.367517039444424487e+00,1.679152560402751737e+00,0.000000000000000000e+00,-0.000000000000000000e+00,0.000000000000000000e+00,9.988698815930029395e-01,-4.752851403505442551e-02
-1.448136362565566992e+00,1.783875023916436708e+00,0.000000000000000000e+00,-0.000000000000000000e+00,0.000000000000000000e+00,9.990304110468001264e-01,-4.402542224285311417e-02
-1.407585557472919469e+00,1.709461119931385165e+00,0.000000000000000000e+00,-0.000000000000000000e+00,0.000000000000000000e+00,9.992664295390250029e-01,-3.829625042127247914e-02
-1.355649245340221132e+00,1.565979249896048975e+00,0.000000000000000000e+00,-0.000000000000000000e+00,0.000000000000000000e+00,9.971199154040155666e-01,-7.584111223267249458e-02
-1.369075523328185939e+00,1.891498583125546418e+00,0.000000000000000000e+00,-0.000000000000000000e+00,0.000000000000000000e+00,9.999142224344067520e-01,-1.309762472342414219e-02
-1.432980121699363174e+00,1.760874497663970306e+00,0.000000000000000000e+00,-0.000000000000000000e+00,0.000000000000000000e+00,9.987457415664012794e-01,-5.006938888162358603e-02
-1.382369965338951845e+00,1.650574408578084240e+00,0.000000000000000000e+00,-0.000000000000000000e+00,0.000000000000000000e+00,9.973257524041074795e-01,-7.308449624633676922e-02
-1.328014135978366150e+00,1.709733612591258112e+00,0.000000000000000000e+00,-0.000000000000000000e+00,0.000000000000000000e+00,9.970144171843781100e-01,-7.721561970543840137e-02
-1.388092259959362584e+00,1.677658604909930906e+00,0.000000000000000000e+00,-0.000000000000000000e+00,0.000000000000000000e+00,9.982475373944370567e-01,-5.917646564253457864e-02
-1.394244442510579329e+00,1.798561375791863037e+00,0.000000000000000000e+00,-0.000000000000000000e+00,0.000000000000000000e+00,9.986533155496641889e-01,-5.188020182750690407e-02
-1.399311731789521840e+00,1.820971316885754865e+00,0.000000000000000000e+00,-0.000000000000000000e+00,0.000000000000000000e+00,9.995844983285246954e-01,-2.882413400800677705e-02
-1.420508262651934528e+00,1.799493741712303141e+00,0.000000000000000000e+00,-0.000000000000000000e+00,0.000000000000000000e+00,9.997493014891978280e-01,-2.239049289008672797e-02
-1.392980118913891063e+00,1.815589353927869132e+00,0.000000000000000000e+00,-0.000000000000000000e+00,0.000000000000000000e+00,9.988712371398996703e-01,-4.750001699585276044e-02
-1.432068942984141113e+00,1.717073226821159926e+00,0.000000000000000000e+00,-0.000000000000000000e+00,0.000000000000000000e+00,9.984408262421892166e-01,-5.582039495394523071e-02
-1.383921583025617519e+00,1.638211718490366842e+00,0.000000000000000000e+00,-0.000000000000000000e+00,0.000000000000000000e+00,9.979130184515381252e-01,-6.457249882837219623e-02
-1.343160028145473639e+00,1.370866329157760743e+00,0.000000000000000000e+00,-0.000000000000000000e+00,0.000000000000000000e+00,9.892807984338859439e-01,-1.460256890071507385e-01
-1.327397295044575154e+00,1.724000204954463600e+00,0.000000000000000000e+00,-0.000000000000000000e+00,0.000000000000000000e+00,9.993788195880224379e-01,-3.524166509759283500e-02
-1.348674958855291095e+00,1.727740381937181269e+00,0.000000000000000000e+00,-0.000000000000000000e+00,0.000000000000000000e+00,9.972118681131068030e-01,-7.462231632941715431e-02
-1.383921583025617519e+00,1.638211718490366842e+00,0.000000000000000000e+00,-0.000000000000000000e+00,0.000000000000000000e+00,9.979130184515381252e-01,-6.457249882837219623e-02
-1.459801896904047602e+00,1.680321891500543785e+00,0.000000000000000000e+00,-0.000000000000000000e+00,0.000000000000000000e+00,9.981822240291239323e-01,-6.026813114965361151e-02
-1.530201290018468274e+00,1.710768528469692074e+00,0.000000000000000000e+00,-0.000000000000000000e+00,0.000000000000000000e+00,9.952196604020430160e-01,-9.766180189430334613e-02
-1.448302576172582068e+00,1.885614931816925521e+00,0.000000000000000000e+00,-0.000000000000000000e+00,0.000000000000000000e+00,9.996687561362135321e-01,-2.573670540445246319e-02
-1.416029213096402728e+00,1.685463632577736792e+00,0.000000000000000000e+00,-0.000000000000000000e+00,0.000000000000000000e+00,9.981533247942726561e-01,-6.074487799098125806e-02
-1.379724011266442840e+00,1.640604396983189384e+00,0.000000000000000000e+00,-0.000000000000000000e+00,0.000000000000000000e+00,9.976046015946131718e-01,-6.917411999623178376e-02
-1.371531201768470432e+00,1.632139415971989749e+00,0.000000000000000000e+00,-0.000000000000000000e+00,0.000000000000000000e+00,9.963605580313779075e-01,-8.523871420546694222e-02
-1.393086716838158878e+00,1.602908570707977320e+00,0.000000000000000000e+00,-0.000000000000000000e+00,0.000000000000000000e+00,9.981385846206166645e-01,-6.098660419757791218e-02
-1.399066620804061634e+00,1.850129624628034986e+00,0.000000000000000000e+00,-0.000000000000000000e+00,0.000000000000000000e+00,9.997823296970698159e-01,-2.086368197369576141e-02
-1.453603281101940370e+00,1.578624530628806921e+00,0.000000000000000000e+00,-0.000000000000000000e+00,0.000000000000000000e+00,9.905387160433591909e-01,-1.372335673921411814e-01
-1.456516421968274910e+00,1.720219665649531660e+00,0.000000000000000000e+00,-0.000000000000000000e+00,0.000000000000000000e+00,9.990497137721099374e-01,-4.358519716446449671e-02
-1.290483378819792692e+00,1.660872501302359749e+00,0.000000000000000000e+00,-0.000000000000000000e+00,0.000000000000000000e+00,9.986744370743519950e-01,-5.147201894453060089e-02
-1.455421046315227951e+00,1.748762767014093944e+00,0.000000000000000000e+00,-0.000000000000000000e+00,0.000000000000000000e+00,9.988271822704088976e-01,-4.841755836218357423e-02
-1.397832950347795755e+00,1.691364505247233918e+00,0.000000000000000000e+00,-0.000000000000000000e+00,0.000000000000000000e+00,9.978038070768412426e-01,-6.623867890410965742e-02
-1.394747476415937326e+00,1.842726391498881844e+00,0.000000000000000000e+00,-0.000000000000000000e+00,0.000000000000000000e+00,9.991796944186847051e-01,-4.049615119222759602e-02
-1.420508262651934528e+00,1.799493741712303141e+00,0.000000000000000000e+00,-0.000000000000000000e+00,0.000000000000000000e+00,9.997493014891978280e-01,-2.239049289008672797e-02
-1.364675367117995197e+00,1.732191739306969458e+00,0.000000000000000000e+00,-0.000000000000000000e+00,0.000000000000000000e+00,9.974294840690171027e-01,-7.165489731912501326e-02
-1.243759587019837465e+00,1.714389693751093402e+00,0.000000000000000000e+00,-0.000000000000000000e+00,0.000000000000000000e+00,9.989991720403187392e-01,-4.472867383186884122e-02
-1.295146704577984975e+00,1.788611004132066418e+00,0.000000000000000000e+00,-0.000000000000000000e+00,0.000000000000000000e+00,9.996111564909561098e-01,-2.788432926956196586e-02
-1.354882828994504518e+00,1.742942408381124242e+00,0.000000000000000000e+00,-0.000000000000000000e+00,0.000000000000000000e+00,9.962027991722656184e-01,-8.706309735670174355e-02
-1.446166982813467561e+00,1.707673181361454295e+00,0.000000000000000000e+00,-0.000000000000000000e+00,0.000000000000000000e+00,9.971943737286016463e-01,-7.485573461012819119e-02
-1.387652052328162133e+00,1.780853920733676654e+00,0.000000000000000000e+00,-0.000000000000000000e+00,0.000000000000000000e+00,9.976129576069168170e-01,-6.905350689704277400e-02
-1.356149587113566701e+00,1.630445268928750968e+00,0.000000000000000000e+00,-0.000000000000000000e+00,0.000000000000000000e+00,9.985566996692964992e-01,-5.370770471321961032e-02
-1.302327858728977272e+00,1.753906429513535592e+00,0.000000000000000000e+00,-0.000000000000000000e+00,0.000000000000000000e+00,9.979635028757084525e-01,-6.378751388826674196e-02
-1.397463634136972610e+00,1.775027333143025077e+00,0.000000000000000000e+00,-0.000000000000000000e+00,0.000000000000000000e+00,9.991892421870142149e-01,-4.025988447251389879e-02
-1.475584571872018413e+00,1.762290533860578545e+00,0.000000000000000000e+00,-0.000000000000000000e+00,0.000000000000000000e+00,9.990002223844459683e-01,-4.470520859841201761e-02
-1.330881363987305610e+00,1.740237265681523704e+00,0.000000000000000000e+00,-0.000000000000000000e+00,0.000000000000000000e+00,9.966215378568371586e-01,-8.213105551417765327e-02
-1.327397295044575154e+00,1.724000204954463600e+00,0.000000000000000000e+00,-0.000000000000000000e+00,0.000000000000000000e+00,9.993788195880224379e-01,-3.524166509759283500e-02
-1.360152288567225698e+00,1.698829610424838821e+00,0.000000000000000000e+00,-0.000000000000000000e+00,0.000000000000000000e+00,9.988124277778587246e-01,-4.872098230228586596e-02
-1.469387257530686330e+00,1.691179488090001737e+00,0.000000000000000000e+00,-0.000000000000000000e+00,0.000000000000000000e+00,9.996472814464875123e-01,-2.655772386043405223e-02
-1.355420082251546754e+00,1.705084837101404904e+00,0.000000000000000000e+00,-0.000000000000000000e+00,0.000000000000000000e+00,9.986069795920311520e-01,-5.276457438547840773e-02
-1.459432855277384089e+00,1.778658753710765872e+00,0.000000000000000000e+00,-0.000000000000000000e+00,0.000000000000000000e+00,9.991149844446358674e-01,-4.206242810626877743e-02
-1.388814599334600164e+00,1.772978405452235062e+00,0.000000000000000000e+00,-0.000000000000000000e+00,0.000000000000000000e+00,9.993499527610838484e-01,-3.605096276688737195e-02
-1.384457569135212340e+00,1.812271111333836782e+00,0.000000000000000000e+00,-0.000000000000000000e+00,0.000000000000000000e+00,9.993165498145650805e-01,-3.696529814182308860e-02
-1.361943169709183943e+00,1.856983879227435574e+00,0.000000000000000000e+00,-0.000000000000000000e+00,0.000000000000000000e+00,9.998495832746964185e-01,-1.734389879513458660e-02
-1.320575534598163125e+00,1.720967766166910495e+00,0.000000000000000000e+00,-0.000000000000000000e+00,0.000000000000000000e+00,9.991751157897427182e-01,-4.060896436200062826e-02
-1.331522622910185749e+00,1.763624595910119108e+00,0.000000000000000000e+00,-0.000000000000000000e+00,0.000000000000000000e+00,9.984142427520737995e-01,-5.629387062374594658e-02
-1.377456565885323059e+00,1.559016782853141825e+00,0.000000000000000000e+00,-0.000000000000000000e+00,0.000000000000000000e+00,9.911154584005144041e-01,-1.330043161688301001e-01
-1.387652052328162133e+00,1.780853920733676654e+00,0.000000000000000000e+00,-0.000000000000000000e+00,0.000000000000000000e+00,9.976129576069168170e-01,-6.905350689704277400e-02
-1.347917612150496103e+00,1.700899698139440863e+00,0.000000000000000000e+00,-0.000000000000000000e+00,0.000000000000000000e+00,9.987863688135492080e-01,-4.925230423284639864e-02
-1.475334704702276900e+00,1.880558555942418053e+00,0.000000000000000000e+00,-0.000000000000000000e+00,0.000000000000000000e+00,9.996892023653718429e-01,-2.492987513178860151e-02
-1.320048683993851890e+00,1.727883833238601730e+00,0.000000000000000000e+00,-0.000000000000000000e+00,0.000000000000000000e+00,9.966836094225408615e-01,-8.137433691561431204e-02
-1.314258006670278478e+00,1.791516484306532542e+00,0.000000000000000000e+00,-0.000000000000000000e+00,0.000000000000000000e+00,9.995416179862186556e-01,-3.027464142631894686e-02
-1.437632353355464687e+00,1.680569023193300149e+00,0.000000000000000000e+00,-0.000000000000000000e+00,0.000000000000000000e+00,9.959284923584444948e-01,-9.014675872506817955e-02
-1.383921583025617519e+00,1.638211718490366842e+00,0.000000000000000000e+00,-0.000000000000000000e+00,0.000000000000000000e+00,9.979130184515381252e-01,-6.457249882837219623e-02
-1.357286639065536926e+00,1.672934331323061796e+00,0.000000000000000000e+00,-0.000000000000000000e+00,0.000000000000000000e+00,9.985086946792564033e-01,-5.459291758028152891e-02
-1.432980121699363174e+00,1.760874497663970306e+00,0.000000000000000000e+00,-0.000000000000000000e+00,0.000000000000000000e+00,9.987457415664012794e-01,-5.006938888162358603e-02
-1.338192373171341654e+00,1.778382529734907180e+00,0.000000000000000000e+00,-0.000000000000000000e+00,0.000000000000000000e+00,9.993376330105619987e-01,-3.639086765724700717e-02
-1.295146704577984975e+00,1.788611004132066418e+00,0.000000000000000000e+00,-0.000000000000000000e+00,0.000000000000000000e+00,9.996111564909561098e-01,-2.788432926956196586e-02
-1.361471994386011408e+00,1.849985637346136080e+00,0.000000000000000000e+00,-0.000000000000000000e+00,0.000000000000000000e+00,9.996317347880775417e-01,-2.713659530189102206e-02
-1.388092259959362584e+00,1.677658604909930906e+00,0.000000000000000000e+00,-0.000000000000000000e+00,0.000000000000000000e+00,9.982475373944370567e-01,-5.917646564253457864e-02
-1.459432855277384089e+00,1.778658753710765872e+00,0.000000000000000000e+00,-0.000000000000000000e+00,0.000000000000000000e+00,9.991149844446358674e-01,-4.206242810626877743e-02
-1.274899513815221486e+00,1.761133791146901828e+00,0.000000000000000000e+00,-0.000000000000000000e+00,0.000000000000000000e+00,9.988689579238217986e-01,-4.754792210158451105e-02
-1.320681603269511228e+00,1.753672707420146804e+00,0.000000000000000000e+00,-0.000000000000000000e+00,0.000000000000000000e+00,9.977368813043983042e-01,-6.723924215049496833e-02
-1.421305839063949916e+00,1.761524743154062600e+00,0.000000000000000000e+00,-0.000000000000000000e+00,0.000000000000000000e+00,9.980119725279225085e-01,-6.302461972059127115e-02
-1.291550175438458403e+00,1.762176564637314424e+00,0.000000000000000000e+00,-0.000000000000000000e+00,0.000000000000000000e+00,9.987047933049222337e-01,-5.087962096726544176e-02
-1.323060013259353074e+00,1.792898108686558079e+00,0.000000000000000000e+00,-0.000000000000000000e+00,0.000000000000000000e+00,9.994189412518063031e-01,-3.408489206552463291e-02
-1.355649245340221132e+00,1.565979249896048975e+00,0.000000000000000000e+00,-0.000000000000000000e+00,0.000000000000000000e+00,9.971199154040155666e-01,-7.584111223267249458e-02
-1.296421480327179632e+00,1.798418267256877590e+00,0.000000000000000000e+00,-0.000000000000000000e+00,0.000000000000000000e+00,9.990736812054530347e-01,-4.303230789284810676e-02
-1.355516347042210024e+00,1.601934994619996333e+00,0.000000000000000000e+00,-0.000000000000000000e+00,0.000000000000000000e+00,9.948806602036865954e-01,-1.010567758870071775e-01
-1.350303135234254714e+00,1.608022471559853450e+00,0.000000000000000000e+00,-0.000000000000000000e+00,0.000000000000000000e+00,9.973374227745784859e-01,-7.292506519271485521e-02
-1.436457168757669933e+00,1.912113566821966204e+00,0.000000000000000000e+00,-0.000000000000000000e+00,0.000000000000000000e+00,9.999999825980876444e-01,-1.865578314342051852e-04
-1.369498683751989576e+00,1.848671190590345459e+00,0.000000000000000000e+00,-0.000000000000000000e+00,0.000000000000000000e+00,9.997891239885596804e-01,-2.053551933087028464e-02
-1.480892289815533447e+00,1.681468557157244526e+00,0.000000000000000000e+00,-0.000000000000000000e+00,0.000000000000000000e+00,9.977541265982039498e-01,-6.698285494255402928e-02
-1.348674958855291095e+00,1.727740381937181269e+00,0.000000000000000000e+00,-0.000000000000000000e+00,0.000000000000000000e+00,9.972118681131068030e-01,-7.462231632941715431e-02
-1.530201290018468274e+00,1.710768528469692074e+00,0.000000000000000000e+00,-0.000000000000000000e+00,0.000000000000000000e+00,9.952196604020430160e-01,-9.766180189430334613e-02
-1.447564045570467695e+00,1.723604502990070175e+00,0.000000000000000000e+00,-0.000000000000000000e+00,0.000000000000000000e+00,9.985810425043395444e-01,-5.325318348180090727e-02
-1.439445595113042931e+00,1.809946950155899570e+00,0.000000000000000000e+00,-0.000000000000000000e+00,0.000000000000000000e+00,9.989311683467090308e-01,-4.622251513579627574e-02
-1.418466311884928999e+00,1.721312862452248016e+00,0.000000000000000000e+00,-0.000000000000000000e+00,0.000000000000000000e+00,9.972715730692275349e-01,-7.382011614748641704e-02
-1.212372317581452030e+00,1.746011149477006086e+00,0.000000000000000000e+00,-0.000000000000000000e+00,0.000000000000000000e+00,9.996504166066598751e-01,-2.643945116925488364e-02
-1.367517039444424487e+00,1.679152560402751737e+00,0.000000000000000000e+00,-0.000000000000000000e+00,0.000000000000000000e+00,9.988698815930029395e-01,-4.752851403505442551e-02
-1.352136127997248138e+00,1.739853375249958978e+00,0.000000000000000000e+00,-0.000000000000000000e+00,0.000000000000000000e+00,9.982290309199789435e-01,-5.948782924733107130e-02
-1.340993695363977833e+00,1.723367135932822869e+00,0.000000000000000000e+00,-0.000000000000000000e+00,0.000000000000000000e+00,9.963762371959634656e-01,-8.505524058641679430e-02
-1.303966143307614178e+00,1.762141075857238226e+00,0.000000000000000000e+00,-0.000000000000000000e+00,0.000000000000000000e+00,9.989212138336943658e-01,-4.643714626264877632e-02
-1.424474387690338961e+00,1.693159081952378964e+00,0.000000000000000000e+00,-0.000000000000000000e+00,0.000000000000000000e+00,9.982687004427212019e-01,-5.881837906981501191e-02
-1.340303795241502005e+00,1.683087074389767013e+00,0.000000000000000000e+00,-0.000000000000000000e+00,0.000000000000000000e+00,9.973974985116741410e-01,-7.209875146391282741e-02
-1.286817841083508496e+00,1.645932995396104825e+00,0.000000000000000000e+00,-0.000000000000000000e+00,0.000000000000000000e+00,9.982531922274645586e-01,-5.908099700984006941e-02
-1.364505665174085003e+00,1.849611820289437158e+00,0.000000000000000000e+00,-0.000000000000000000e+00,0.000000000000000000e+00,9.995286927852934378e-01,-3.069840873599815473e-02
-1.356149587113566701e+00,1.630445268928750968e+00,0.000000000000000000e+00,-0.000000000000000000e+00,0.000000000000000000e+00,9.985566996692964992e-01,-5.370770471321961032e-02
-1.533224488558914134e+00,1.712369672638162976e+00,0.000000000000000000e+00,-0.000000000000000000e+00,0.000000000000000000e+00,9.956620709168124694e-01,-9.304321865479696363e-02
-1.439445595113042931e+00,1.809946950155899570e+00,0.000000000000000000e+00,-0.000000000000000000e+00,0.000000000000000000e+00,9.989311683467090308e-01,-4.622251513579627574e-02
-1.364914386615120323e+00,1.836389497233178680e+00,0.000000000000000000e+00,-0.000000000000000000e+00,0.000000000000000000e+00,9.979547575960238115e-01,-6.392418784358014361e-02
-1.358400498173174764e+00,1.630187342541498774e+00,0.000000000000000000e+00,-0.000000000000000000e+00,0.000000000000000000e+00,9.971678484377795026e-01,-7.520825780437755126e-02
-1.291550175438458403e+00,1.762176564637314424e+00,0.000000000000000000e+00,-0.000000000000000000e+00,0.000000000000000000e+00,9.987047933049222337e-01,-5.087962096726544176e-02
-1.384707509839994799e+00,1.710005235626122611e+00,0.000000000000000000e+00,-0.000000000000000000e+00,0.000000000000000000e+00,9.998112658043721845e-01,-1.942762905398141837e-02
-1.406550859809126752e+00,1.734295274237665829e+00,0.000000000000000000e+00,-0.000000000000000000e+00,0.000000000000000000e+00,9.995321122020305316e-01,-3.058687098981431249e-02
-1.464216715775300992e+00,1.744887995286960258e+00,0.000000000000000000e+00,-0.000000000000000000e+00,0.000000000000000000e+00,9.993944479668601666e-01,-3.479565163946347905e-02
-1.417419692925490304e+00,1.828028433627950200e+00,0.000000000000000000e+00,-0.000000000000000000e+00,0.000000000000000000e+00,9.967865157724005165e-01,-8.010394481121378696e-02
-1.378311735249190928e+00,1.758927727206560876e+00,0.000000000000000000e+00,-0.000000000000000000e+00,0.000000000000000000e+00,9.985242870517871960e-01,-5.430698083782697222e-02
-1.405387323189526860e+00,1.906485308387384503e+00,0.000000000000000000e+00,-0.000000000000000000e+00,0.000000000000000000e+00,9.992790529228909868e-01,-3.796543677517828091e-02
-1.337660856837159518e+00,1.848801353905927147e+00,0.000000000000000000e+00,-0.000000000000000000e+00,0.000000000000000000e+00,9.994290226137824140e-01,-3.378799723658729853e-02
-1.384361464525488694e+00,1.776003133198792883e+00,0.000000000000000000e+00,-0.000000000000000000e+00,0.000000000000000000e+00,9.997396132867935048e-01,-2.281897511222847480e-02
-1.369498683751989576e+00,1.848671190590345459e+00,0.000000000000000000e+00,-0.000000000000000000e+00,0.000000000000000000e+00,9.997891239885596804e-01,-2.053551933087028464e-02
-1.424474387690338961e+00,1.693159081952378964e+00,0.000000000000000000e+00,-0.000000000000000000e+00,0.000000000000000000e+00,9.982687004427212019e-01,-5.881837906981501191e-02
-1.306471316132585381e+00,1.684297326943500428e+00,0.000000000000000000e+00,-0.000000000000000000e+00,0.000000000000000000e+00,9.950703516881957977e-01,-9.917154426109506260e-02
-1.446347074369113805e+00,1.869940397488242256e+00,0.000000000000000000e+00,-0.000000000000000000e+00,0.000000000000000000e+00,9.997380336925995037e-01,-2.288807524574072369e-02
-1.349321886102436086e+00,1.684542040910339544e+00,0.000000000000000000e+00,-0.000000000000000000e+00,0.000000000000000000e+00,9.977264479955595400e-01,-6.739387932270990422e-02
-1.411441354207443322e+00,1.534655404407575530e+00,0.000000000000000000e+00,-0.000000000000000000e+00,0.000000000000000000e+00,9.965897994309470542e-01,-8.251528143431821616e-02
