1.198566442766975326e+00,2.213913665336511905e+00,0.000000000000000000e+00,-0.000000000000000000e+00,0.000000000000000000e+00,6.725038709541525384e-01,-7.400936045877444247e-01
8.406410435272397841e-01,5.844744950365392544e-01,0.000000000000000000e+00,-0.000000000000000000e+00,0.000000000000000000e+00,9.979061368791707354e-01,-6.467875987439521135e-02
1.083901893473582678e+00,2.191425024283505163e+00,0.000000000000000000e+00,-0.000000000000000000e+00,0.000000000000000000e+00,6.614730254079749239e-01,-7.499689571293071122e-01
1.086530642322126150e+00,2.216846375800363589e+00,0.000000000000000000e+00,-0.000000000000000000e+00,0.000000000000000000e+00,6.409659525779684008e-01,-7.675693112910504379e-01
1.181737226919377548e+00,2.259426806912673946e+00,0.000000000000000000e+00,-0.000000000000000000e+00,0.000000000000000000e+00,6.756464820563992113e-01,-7.372257668345645332e-01
9.074830135447963242e-01,2.254626334120057862e+00,0.000000000000000000e+00,-0.000000000000000000e+00,0.000000000000000000e+00,7.091906308195332631e-01,-7.050167722528255521e-01
1.037899475180359632e+00,2.132176746027595993e+00,0.000000000000000000e+00,-0.000000000000000000e+00,0.000000000000000000e+00,7.313250059527416358e-01,-6.820291310994145428e-01
1.157020542336480773e+00,2.222312957542607936e+00,0.000000000000000000e+00,-0.000000000000000000e+00,0.000000000000000000e+00,7.187962482465177771e-01,-6.952207947887709683e-01
1.292444540225618610e+00,2.252175602039360403e+00,0.000000000000000000e+00,-0.000000000000000000e+00,0.000000000000000000e+00,6.574364677842077231e-01,-7.535099805758542768e-01
1.325662794131842626e+00,2.255573815925546732e+00,0.000000000000000000e+00,-0.000000000000000000e+00,0.000000000000000000e+00,6.366376110512599329e-01,-7.711631164643085734e-01
1.363712730629567105e+00,2.314349264575741305e+00,0.000000000000000000e+00,-0.000000000000000000e+00,0.000000000000000000e+00,6.289565328641807396e-01,-7.774404670246261029e-01
1.066083901258601196e+00,2.199786763495621855e+00,0.000000000000000000e+00,-0.000000000000000000e+00,0.000000000000000000e+00,7.096154036149805444e-01,-7.045892271049482014e-01
1.056344590112573201e+00,2.257358663053322001e+00,0.000000000000000000e+00,-0.000000000000000000e+00,0.000000000000000000e+00,6.571338022878329133e-01,-7.537739488007896282e-01
1.160492809190502683e+00,2.167954855958466709e+00,0.000000000000000000e+00,-0.000000000000000000e+00,0.000000000000000000e+00,6.602654256820901235e-01,-7.510323346227166796e-01
1.178998671335248494e+00,2.206984482711427997e+00,0.000000000000000000e+00,-0.000000000000000000e+00,0.000000000000000000e+00,6.452685779687666878e-01,-7.639557986468625828e-01
1.173673379781075443e+00,2.247452209251166622e+00,0.000000000000000000e+00,-0.000000000000000000e+00,0.000000000000000000e+00,6.926276729032438961e-01,-7.212952978694904260e-01
8.476611791162158571e-01,2.177519027208893121e+00,0.000000000000000000e+00,-0.000000000000000000e+00,0.000000000000000000e+00,7.282735910600178775e-01,-6.852864923260532093e-01
1.117354489041286758e+00,2.215127609179091905e+00,0.000000000000000000e+00,-0.000000000000000000e+00,0.000000000000000000e+00,7.042938926390454046e-01,-7.099085242419200803e-01
1.110033022210965559e+00,2.254424424844218677e+00,0.000000000000000000e+00,-0.000000000000000000e+00,0.000000000000000000e+00,7.020276172127134506e-01,-7.121497206842392069e-01
1.121156112919595493e+00,2.219519420448378355e+00,0.000000000000000000e+00,-0.000000000000000000e+00,0.000000000000000000e+00,7.012945906404718377e-01,-7.128715853072087327e-01
9.213636490676460067e-01,5.895376508262935022e-01,0.000000000000000000e+00,-0.000000000000000000e+00,0.000000000000000000e+00,9.990566927770690997e-01,-4.342493082717653607e-02
9.991561081498600005e-01,2.302758638344788444e+00,0.000000000000000000e+00,-0.000000000000000000e+00,0.000000000000000000e+00,7.100432995446048778e-01,-7.041580169051621096e-01
9.120629988285609002e-01,2.203930544138668512e+00,0.000000000000000000e+00,-0.000000000000000000e+00,0.000000000000000000e+00,7.310073979795254084e-01,-6.823695363211957909e-01
1.066451817939005231e+00,2.227432007447690765e+00,0.000000000000000000e+00,-0.000000000000000000e+00,0.000000000000000000e+00,6.892782858069758101e-01,-7.244966837156654460e-01
1.113522635350297829e+00,2.189319931364992922e+00,0.000000000000000000e+00,-0.000000000000000000e+00,0.000000000000000000e+00,6.772087292711956863e-01,-7.357909601231129582e-01
1.019005720908838342e+00,2.177853259275959186e+00,0.000000000000000000e+00,-0.000000000000000000e+00,0.000000000000000000e+00,7.387504985400226154e-01,-6.739790062805132154e-01
1.124232125497695911e+00,2.313596118361916698e+00,0.000000000000000000e+00,-0.000000000000000000e+00,0.000000000000000000e+00,7.075482300126746393e-01,-7.066650565904127879e-01
1.116168998288040504e+00,2.220895793955929953e+00,0.000000000000000000e+00,-0.000000000000000000e+00,0.000000000000000000e+00,6.798034678143588527e-01,-7.333943312758641753e-01
1.209315444146196628e+00,2.233464516054031179e+00,0.000000000000000000e+00,-0.000000000000000000e+00,0.000000000000000000e+00,6.699810408703367193e-01,-7.423782087819524866e-01
1.133381519435842089e+00,2.189367728547995995e+00,0.000000000000000000e+00,-0.000000000000000000e+00,0.000000000000000000e+00,7.009114155312634598e-01,-7.132483351385831005e-01
1.130968803141385148e+00,2.239614724749817487e+00,0.000000000000000000e+00,-0.000000000000000000e+00,0.000000000000000000e+00,7.079991853990174056e-01,-7.062132492911242787e-01
1.169990225629434555e+00,2.289199412707364267e+00,0.000000000000000000e+00,-0.000000000000000000e+00,0.000000000000000000e+00,7.124046794324822018e-01,-7.017688883975280456e-01
1.112661391197837579e+00,2.279721637605551798e+00,0.000000000000000000e+00,-0.000000000000000000e+00,0.000000000000000000e+00,7.126696628896801444e-01,-7.014997873105235371e-01
1.085880626960430417e+00,2.260835182280426459e+00,0.000000000000000000e+00,-0.000000000000000000e+00,0.000000000000000000e+00,6.815773965985213456e-01,-7.317460300172334842e-01
1.035742945900177459e+00,2.255647283601188491e+00,0.000000000000000000e+00,-0.000000000000000000e+00,0.000000000000000000e+00,6.804477178170234009e-01,-7.327966316227200183e-01
1.113621203714481256e+00,2.251458037686781211e+00,0.000000000000000000e+00,-0.000000000000000000e+00,0.000000000000000000e+00,7.092216486239119044e-01,-7.049855694432195508e-01
1.082078009322336332e+00,2.108175002458373193e+00,0.000000000000000000e+00,-0.000000000000000000e+00,0.000000000000000000e+00,7.033141139346508197e-01,-7.108792141709567858e-01
9.015574858853753204e-01,5.814946493806717465e-01,0.000000000000000000e+00,-0.000000000000000000e+00,0.000000000000000000e+00,9.984227267922044513e-01,-5.614319749372122248e-02
1.182552508289453463e+00,2.188512097118759048e+00,0.000000000000000000e+00,-0.000000000000000000e+00,0.000000000000000000e+00,6.903748033785388483e-01,-7.234518856565679279e-01
1.163628501852081998e+00,2.235210393910529891e+00,0.000000000000000000e+00,-0.000000000000000000e+00,0.000000000000000000e+00,6.865737161397880151e-01,-7.270601985434230752e-01
1.015454502060501252e+00,2.222700696357428729e+00,0.000000000000000000e+00,-0.000000000000000000e+00,0.000000000000000000e+00,6.917812535353117243e-01,-7.221071231175557603e-01
1.175923974692497653e+00,2.192364270244652857e+00,0.000000000000000000e+00,-0.000000000000000000e+00,0.000000000000000000e+00,6.640807974938464087e-01,-7.476608150758852211e-01
9.602797414776832463e-01,2.187739373095688222e+00,0.000000000000000000e+00,-0.000000000000000000e+00,0.000000000000000000e+00,7.235766685471090032e-01,-6.902440182531588420e-01
1.324162055510784697e+00,2.229838892880123602e+00,0.000000000000000000e+00,-0.000000000000000000e+00,0.000000000000000000e+00,6.454297743386608888e-01,-7.638196163998050014e-01
1.037899475180359632e+00,2.132176746027595993e+00,0.000000000000000000e+00,-0.000000000000000000e+00,0.000000000000000000e+00,7.313250059527416358e-01,-6.820291310994145428e-01
1.036792862932524706e+00,2.251883812082292824e+00,0.000000000000000000e+00,-0.000000000000000000e+00,0.000000000000000000e+00,7.197763451962442272e-01,-6.942060305816545318e-01
9.838436716443805796e-01,2.180524185277804783e+00,0.000000000000000000e+00,-0.000000000000000000e+00,0.000000000000000000e+00,7.023671021666294534e-01,-7.118149013571235528e-01
9.556000623794440596e-01,2.285515038748816785e+00,0.000000000000000000e+00,-0.000000000000000000e+00,0.000000000000000000e+00,7.221950189671249021e-01,-6.916894928933604580e-01
1.176724083249655273e+00,2.274304404685652869e+00,0.000000000000000000e+00,-0.000000000000000000e+00,0.000000000000000000e+00,7.106231075691169519e-01,-7.035728810782939657e-01
1.119225777913080533e+00,2.265699329100613557e+00,0.000000000000000000e+00,-0.000000000000000000e+00,0.000000000000000000e+00,7.200337127455685993e-01,-6.939390841492010242e-01
1.228243481585299168e+00,2.116764945820852173e+00,0.000000000000000000e+00,-0.000000000000000000e+00,0.000000000000000000e+00,6.797990587673130580e-01,-7.333984181187435114e-01
1.297500460446814552e+00,2.322167829051010823e+00,0.000000000000000000e+00,-0.000000000000000000e+00,0.000000000000000000e+00,6.828100547645971075e-01,-7.305959410730173964e-01
1.016047693851982681e+00,2.137399983097064027e+00,0.000000000000000000e+00,-0.000000000000000000e+00,0.000000000000000000e+00,7.107244076363166130e-01,-7.034705511888944551e-01
1.298844013864326685e+00,2.321384384744261453e+00,0.000000000000000000e+00,-0.000000000000000000e+00,0.000000000000000000e+00,6.575669726519132174e-01,-7.533960953425481444e-01
1.385914429643889223e+00,2.210365531471474743e+00,0.000000000000000000e+00,-0.000000000000000000e+00,0.000000000000000000e+00,6.270855909760045810e-01,-7.789503588742193729e-01
1.299231158597745184e+00,2.201243962837210688e+00,0.000000000000000000e+00,-0.000000000000000000e+00,0.000000000000000000e+00,6.542402985213939814e-01,-7.562867391344617607e-01
1.161649608947337819e+00,2.155159328547096909e+00,0.000000000000000000e+00,-0.000000000000000000e+00,0.000000000000000000e+00,6.431831727585538561e-01,-7.657123521794854115e-01
1.151009782668239279e+00,2.201376959522172605e+00,0.000000000000000000e+00,-0.000000000000000000e+00,0.000000000000000000e+00,6.476065878010736077e-01,-7.619748732318214479e-01
9.778285253273477640e-01,2.243895569058581785e+00,0.000000000000000000e+00,-0.000000000000000000e+00,0.000000000000000000e+00,6.886812602767313773e-01,-7.250642190479771321e-01
1.093174358369058963e+00,2.259441101509156002e+00,0.000000000000000000e+00,-0.000000000000000000e+00,0.000000000000000000e+00,6.825854331751162185e-01,-7.308058062283980805e-01
1.166267045992818607e+00,2.162503452520688985e+00,0.000000000000000000e+00,-0.000000000000000000e+00,0.000000000000000000e+00,6.902442767636872700e-01,-7.235764219451696899e-01
1.130968803141385148e+00,2.239614724749817487e+00,0.000000000000000000e+00,-0.000000000000000000e+00,0.000000000000000000e+00,7.079991853990174056e-01,-7.062132492911242787e-01
1.011784300858733276e+00,2.200995499310642867e+00,0.000000000000000000e+00,-0.000000000000000000e+00,0.000000000000000000e+00,7.209581911301030654e-01,-6.929785614594508036e-01
1.268889380630580765e+00,2.192544399645471209e+00,0.000000000000000000e+00,-0.000000000000000000e+00,0.000000000000000000e+00,6.959521186737276377e-01,-7.180881899276366775e-01
1.105343881744100587e+00,2.174960041367420160e+00,0.000000000000000000e+00,-0.000000000000000000e+00,0.000000000000000000e+00,6.887707396666900017e-01,-7.249792191359699656e-01
9.110550452031205282e-01,2.286163303964585225e+00,0.000000000000000000e+00,-0.000000000000000000e+00,0.000000000000000000e+00,7.321668999212220807e-01,-6.811252679645257713e-01
1.330977331077574766e+00,2.264924097786921386e+00,0.000000000000000000e+00,-0.000000000000000000e+00,0.000000000000000000e+00,6.827790226559127262e-01,-7.306249422385172609e-01
1.109377669855908355e+00,2.292321510566696752e+00,0.000000000000000000e+00,-0.000000000000000000e+00,0.000000000000000000e+00,7.320046039750587319e-01,-6.812996842501231054e-01
9.771519687551106781e-01,2.130403180909556493e+00,0.000000000000000000e+00,-0.000000000000000000e+00,0.000000000000000000e+00,6.709137604806110211e-01,-7.415353841845750971e-01
1.172837576211996247e+00,2.224307319459509991e+00,0.000000000000000000e+00,-0.000000000000000000e+00,0.000000000000000000e+00,6.696380597510681598e-01,-7.426875984778693596e-01
1.077479225745593627e+00,2.285613213022911427e+00,0.000000000000000000e+00,-0.000000000000000000e+00,0.000000000000000000e+00,6.911984290300779987e-01,-7.226650203976613396e-01
1.020037951965373502e+00,2.329536490431467932e+00,0.000000000000000000e+00,-0.000000000000000000e+00,0.000000000000000000e+00,7.203553904433105393e-01,-6.936051553003809156e-01
1.209186294361977554e+00,2.296486052808920597e+00,0.000000000000000000e+00,-0.000000000000000000e+00,0.000000000000000000e+00,6.536163489567363705e-01,-7.568260489547554704e-01
1.140223691519423488e+00,2.183610199561914378e+00,0.000000000000000000e+00,-0.000000000000000000e+00,0.000000000000000000e+00,7.117426207248745973e-01,-7.024403475340004199e-01
1.111050879257677426e+00,2.152640371179720624e+00,0.000000000000000000e+00,-0.000000000000000000e+00,0.000000000000000000e+00,6.626878423283930619e-01,-7.488957361543319147e-01
1.087320949285117244e+00,2.197246023033396778e+00,0.000000000000000000e+00,-0.000000000000000000e+00,0.000000000000000000e+00,7.281493321197053392e-01,-6.854185218781493338e-01
1.220215647112722124e+00,2.217823595862274733e+00,0.000000000000000000e+00,-0.000000000000000000e+00,0.000000000000000000e+00,6.718910906638871916e-01,-7.406499593509014989e-01
9.420248758515308296e-01,7.271031039958923969e-01,0.000000000000000000e+00,-0.000000000000000000e+00,0.000000000000000000e+00,9.999403613874456864e-01,-1.092124847920208051e-02
7.470664959239257108e-01,2.306933001172499775e+00,0.000000000000000000e+00,-0.000000000000000000e+00,0.000000000000000000e+00,7.663150209932666490e-01,-6.424650096309443281e-01
1.058910518962075331e+00,2.205516020963642188e+00,0.000000000000000000e+00,-0.000000000000000000e+00,0.000000000000000000e+00,6.984999865833751986e-01,-7.156100675249228438e-01
1.140712960770493778e+00,2.286543811637317791e+00,0.000000000000000000e+00,-0.000000000000000000e+00,0.000000000000000000e+00,6.858567553181772469e-01,-7.277365671617869181e-01
1.209186294361977554e+00,2.296486052808920597e+00,0.000000000000000000e+00,-0.000000000000000000e+00,0.000000000000000000e+00,6.536163489567363705e-01,-7.568260489547554704e-01
1.172669812256012190e+00,2.202069587933642048e+00,0.000000000000000000e+00,-0.000000000000000000e+00,0.000000000000000000e+00,6.888184507436634352e-01,-7.249338879615846443e-01
1.214816050036086059e+00,2.168622692341474423e+00,0.000000000000000000e+00,-0.000000000000000000e+00,0.000000000000000000e+00,6.806577424344986138e-01,-7.326015545055659661e-01
1.105070161795811412e+00,2.250982642685526613e+00,0.000000000000000000e+00,-0.000000000000000000e+00,0.000000000000000000e+00,6.925688035891089944e-01,-7.213518228265248800e-01
1.090996010311460873e+00,2.306887797211473412e+00,0.000000000000000000e+00,-0.000000000000000000e+00,0.000000000000000000e+00,6.957146711670032513e-01,-7.183182416749476218e-01
1.064950691392962279e+00,2.300259914137176231e+00,0.000000000000000000e+00,-0.000000000000000000e+00,0.000000000000000000e+00,6.978036327386726301e-01,-7.162891107204629737e-01
1.156932224557747579e+00,2.185334179339191607e+00,0.000000000000000000e+00,-0.000000000000000000e+00,0.000000000000000000e+00,6.455584312437108174e-01,-7.637108823698658400e-01
1.124642341851820326e+00,2.278392051261875828e+00,0.000000000000000000e+00,-0.000000000000000000e+00,0.000000000000000000e+00,6.674036497030828574e-01,-7.446961584183208194e-01
1.045128297285661034e+00,2.205153103250479418e+00,0.000000000000000000e+00,-0.000000000000000000e+00,0.000000000000000000e+00,7.048788337985926189e-01,-7.093277307865075709e-01
1.028162513615528573e+00,2.253391888304469681e+00,0.000000000000000000e+00,-0.000000000000000000e+00,0.000000000000000000e+00,6.626918847180023331e-01,-7.488921590782626758e-01
1.154727235798252760e+00,2.171625238567282068e+00,0.000000000000000000e+00,-0.000000000000000000e+00,0.000000000000000000e+00,6.563918742162030417e-01,-7.544201133738019927e-01
1.101740781608496533e+00,2.314468829844092301e+00,0.000000000000000000e+00,-0.000000000000000000e+00,0.000000000000000000e+00,6.592125312183105823e-01,-7.519566734092781868e-01
1.103284266369552125e+00,2.374309250067516697e+00,0.000000000000000000e+00,-0.000000000000000000e+00,0.000000000000000000e+00,7.230888055096753586e-01,-6.907550791319532202e-01
1.303145585179618759e+00,2.282801418621843492e+00,0.000000000000000000e+00,-0.000000000000000000e+00,0.000000000000000000e+00,6.625105404942674969e-01,-7.490525907664918881e-01
9.540874631655239524e-01,2.176378090575306512e+00,0.000000000000000000e+00,-0.000000000000000000e+00,0.000000000000000000e+00,7.076194505923341094e-01,-7.065937398133408376e-01
1.045931544631848675e+00,2.219898485834141066e+00,0.000000000000000000e+00,-0.000000000000000000e+00,0.000000000000000000e+00,7.158809030110697691e-01,-6.982224091964216450e-01
1.065186120227643807e+00,2.218304497991951507e+00,0.000000000000000000e+00,-0.000000000000000000e+00,0.000000000000000000e+00,6.928593036313861475e-01,-7.210728017138288148e-01
1.106924101515913472e+00,2.263113591162405847e+00,0.000000000000000000e+00,-0.000000000000000000e+00,0.000000000000000000e+00,6.756652018145598015e-01,-7.372086102704513699e-01
1.117354489041286758e+00,2.215127609179091905e+00,0.000000000000000000e+00,-0.000000000000000000e+00,0.000000000000000000e+00,7.042938926390454046e-01,-7.099085242419200803e-01
1.065186120227643807e+00,2.218304497991951507e+00,0.000000000000000000e+00,-0.000000000000000000e+00,0.000000000000000000e+00,6.928593036313861475e-01,-7.210728017138288148e-01
1.025818916770148803e+00,2.175161373714624702e+00,0.000000000000000000e+00,-0.000000000000000000e+00,0.000000000000000000e+00,6.989756648321432397e-01,-7.151454537172584613e-01
1.164021501486490306e+00,2.293574470514917252e+00,0.000000000000000000e+00,-0.000000000000000000e+00,0.000000000000000000e+00,6.822445939724740560e-01,-7.311240072623343966e-01
1.224186293136414694e+00,2.304030902334743391e+00,0.000000000000000000e+00,-0.000000000000000000e+00,0.000000000000000000e+00,6.764016692483427740e-01,-7.365329468788586187e-01
9.591690884082962887e-01,2.123850245899375100e+00,0.000000000000000000e+00,-0.000000000000000000e+00,0.000000000000000000e+00,7.170260817992973879e-01,-6.970463385023605296e-01
1.153877877573293187e+00,2.213656563302047076e+00,0.000000000000000000e+00,-0.000000000000000000e+00,0.000000000000000000e+00,6.956032240909648667e-01,-7.184261650540401112e-01
1.241148264737626405e+00,2.281340113904110289e+00,0.000000000000000000e+00,-0.000000000000000000e+00,0.000000000000000000e+00,6.968146592699995256e-01,-7.172512325722657511e-01
9.006928342874603866e-01,2.145463668517438194e+00,0.000000000000000000e+00,-0.000000000000000000e+00,0.000000000000000000e+00,7.094327991057406413e-01,-7.047730865697084957e-01
1.199428273592145988e+00,2.308528245653063138e+00,0.000000000000000000e+00,-0.000000000000000000e+00,0.000000000000000000e+00,6.455685186151424171e-01,-7.637023554848122453e-01
1.009349800518849927e+00,2.244596183695724889e+00,0.000000000000000000e+00,-0.000000000000000000e+00,0.000000000000000000e+00,6.994540007466262255e-01,-7.146776202173527048e-01
1.250043638939925872e+00,2.226237313288554898e+00,0.000000000000000000e+00,-0.000000000000000000e+00,0.000000000000000000e+00,6.844805870668926318e-01,-7.290310870796676834e-01
1.040140217921606602e+00,2.262721031046886822e+00,0.000000000000000000e+00,-0.000000000000000000e+00,0.000000000000000000e+00,7.113856832382254858e-01,-7.028018281732646422e-01
1.112813205102231695e+00,2.205363225109028491e+00,0.000000000000000000e+00,-0.000000000000000000e+00,0.000000000000000000e+00,6.869181033091766864e-01,-7.267348342732191657e-01
1.218686749775453437e+00,2.253638317834959715e+00,0.000000000000000000e+00,-0.000000000000000000e+00,0.000000000000000000e+00,6.653280928458021881e-01,-7.465510892565676571e-01
1.052126224362078588e+00,2.175878953245726777e+00,0.000000000000000000e+00,-0.000000000000000000e+00,0.000000000000000000e+00,6.741507096691579104e-01,-7.385938130343163710e-01
1.207171347895826585e+00,2.254912976544942271e+00,0.000000000000000000e+00,-0.000000000000000000e+00,0.000000000000000000e+00,6.724658989852759783e-01,-7.401281069530629697e-01
1.353747468570587698e+00,2.267133202079331777e+00,0.000000000000000000e+00,-0.000000000000000000e+00,0.000000000000000000e+00,6.717321107090811205e-01,-7.407941491685275937e-01
1.062559817155724673e+00,2.215529760553023308e+00,0.000000000000000000e+00,-0.000000000000000000e+00,0.000000000000000000e+00,6.568407810866617735e-01,-7.540293020178088224e-01
1.150453509504596017e+00,2.184876695027815341e+00,0.000000000000000000e+00,-0.000000000000000000e+00,0.000000000000000000e+00,7.050228171112989939e-01,-7.091846214861456943e-01
1.024222312092369247e+00,2.305949001247312058e+00,0.000000000000000000e+00,-0.000000000000000000e+00,0.000000000000000000e+00,6.699696597708326706e-01,-7.423884798315196765e-01
1.093174358369058963e+00,2.259441101509156002e+00,0.000000000000000000e+00,-0.000000000000000000e+00,0.000000000000000000e+00,6.825854331751162185e-01,-7.308058062283980805e-01
1.093796544133804005e+00,2.292932974535610846e+00,0.000000000000000000e+00,-0.000000000000000000e+00,0.000000000000000000e+00,6.969359987270321577e-01,-7.171333304751315030e-01
1.076807965096809427e+00,2.147645742866003626e+00,0.000000000000000000e+00,-0.000000000000000000e+00,0.000000000000000000e+00,6.835371336140014797e-01,-7.299157396376343421e-01
9.604108040892046505e-01,2.142979633497794190e+00,0.000000000000000000e+00,-0.000000000000000000e+00,0.000000000000000000e+00,7.210938290236836856e-01,-6.928374194166784239e-01
1.023912555068298591e+00,2.297736936567484012e+00,0.000000000000000000e+00,-0.000000000000000000e+00,0.000000000000000000e+00,7.057092120220880282e-01,-7.085015935530164510e-01
1.028162513615528573e+00,2.253391888304469681e+00,0.000000000000000000e+00,-0.000000000000000000e+00,0.000000000000000000e+00,6.626918847180023331e-01,-7.488921590782626758e-01
1.024588316509718489e+00,2.265854047818599337e+00,0.000000000000000000e+00,-0.000000000000000000e+00,0.000000000000000000e+00,7.137036322810041966e-01,-7.004478033864487418e-01
1.116168998288040504e+00,2.220895793955929953e+00,0.000000000000000000e+00,-0.000000000000000000e+00,0.000000000000000000e+00,6.798034678143588527e-01,-7.333943312758641753e-01
1.037899475180359632e+00,2.132176746027595993e+00,0.000000000000000000e+00,-0.000000000000000000e+00,0.000000000000000000e+00,7.313250059527416358e-01,-6.820291310994145428e-01
1.135459151611376338e+00,2.258347596467474627e+00,0.000000000000000000e+00,-0.000000000000000000e+00,0.000000000000000000e+00,6.940626850608212495e-01,-7.199145707694513119e-01
1.066083901258601196e+00,2.199786763495621855e+00,0.000000000000000000e+00,-0.000000000000000000e+00,0.000000000000000000e+00,7.096154036149805444e-01,-7.045892271049482014e-01
1.095175628780891142e+00,2.214303944544240288e+00,0.000000000000000000e+00,-0.000000000000000000e+00,0.000000000000000000e+00,6.942942914823279077e-01,-7.196912093495739793e-01
1.090963357773325537e+00,2.222421935680368055e+00,0.000000000000000000e+00,-0.000000000000000000e+00,0.000000000000000000e+00,6.799731951731031732e-01,-7.332369697758569504e-01
1.229118523908807381e+00,2.165244879153584101e+00,0.000000000000000000e+00,-0.000000000000000000e+00,0.000000000000000000e+00,6.893738889177447593e-01,-7.244057159343960661e-01
1.066083901258601196e+00,2.199786763495621855e+00,0.000000000000000000e+00,-0.000000000000000000e+00,0.000000000000000000e+00,7.096154036149805444e-01,-7.045892271049482014e-01
1.086530642322126150e+00,2.216846375800363589e+00,0.000000000000000000e+00,-0.000000000000000000e+00,0.000000000000000000e+00,6.409659525779684008e-01,-7.675693112910504379e-01
1.172373586425006664e+00,2.324365359214738636e+00,0.000000000000000000e+00,-0.000000000000000000e+00,0.000000000000000000e+00,7.128434682532445166e-01,-7.013231707056922781e-01
1.004585208099080695e+00,2.178792891917094021e+00,0.000000000000000000e+00,-0.000000000000000000e+00,0.000000000000000000e+00,7.231929705641527706e-01,-6.906460217264677182e-01
1.162758556510092411e+00,2.191410982853354561e+00,0.000000000000000000e+00,-0.000000000000000000e+00,0.000000000000000000e+00,7.084287172471019911e-01,-7.057823691334500493e-01
1.080247634585465910e+00,2.208196252616443811e+00,0.000000000000000000e+00,-0.000000000000000000e+00,0.000000000000000000e+00,6.906702274128222463e-01,-7.231698534684091184e-01
8.532921614839218405e-01,2.256143072824817963e+00,0.000000000000000000e+00,-0.000000000000000000e+00,0.000000000000000000e+00,7.595550109136338657e-01,-6.504430685278992375e-01
1.180514223942906504e+00,2.304540074789266590e+00,0.000000000000000000e+00,-0.000000000000000000e+00,0.000000000000000000e+00,6.989699207459666441e-01,-7.151510678817287747e-01
1.236907320211817041e+00,2.259098082989733136e+00,0.000000000000000000e+00,-0.000000000000000000e+00,0.000000000000000000e+00,6.364685590225312994e-01,-7.713026470690883540e-01
1.284053347796799693e+00,2.260057720380222790e+00,0.000000000000000000e+00,-0.000000000000000000e+00,0.000000000000000000e+00,6.750791743032438230e-01,-7.377452869534650848e-01
1.232871415229763290e+00,2.319333309394263853e+00,0.000000000000000000e+00,-0.000000000000000000e+00,0.000000000000000000e+00,6.443019796146562950e-01,-7.647711808538780742e-01
9.015574858853753204e-01,5.814946493806717465e-01,0.000000000000000000e+00,-0.000000000000000000e+00,0.000000000000000000e+00,9.984227267922044513e-01,-5.614319749372122248e-02
1.123214490197874893e+00,2.209800424908086924e+00,0.000000000000000000e+00,-0.000000000000000000e+00,0.000000000000000000e+00,6.672437815602191291e-01,-7.448394028038652914e-01
1.140223691519423488e+00,2.183610199561914378e+00,0.000000000000000000e+00,-0.000000000000000000e+00,0.000000000000000000e+00,7.117426207248745973e-01,-7.024403475340004199e-01
1.166267045992818607e+00,2.162503452520688985e+00,0.000000000000000000e+00,-0.000000000000000000e+00,0.000000000000000000e+00,6.902442767636872700e-01,-7.235764219451696899e-01
1.150265221707314156e+00,2.257013341946695562e+00,0.000000000000000000e+00,-0.000000000000000000e+00,0.000000000000000000e+00,6.901724914876409267e-01,-7.236448935726295106e-01
1.075321691137378632e+00,2.172970087201438361e+00,0.000000000000000000e+00,-0.000000000000000000e+00,0.000000000000000000e+00,6.514245531835030079e-01,-7.587134185643966688e-01
1.119225777913080533e+00,2.265699329100613557e+00,0.000000000000000000e+00,-0.000000000000000000e+00,0.000000000000000000e+00,7.200337127455685993e-01,-6.939390841492010242e-01
1.051610340639248298e+00,2.319633485443734600e+00,0.000000000000000000e+00,-0.000000000000000000e+00,0.000000000000000000e+00,6.552372996285051876e-01,-7.554231140066767214e-01
1.220215647112722124e+00,2.217823595862274733e+00,0.000000000000000000e+00,-0.000000000000000000e+00,0.000000000000000000e+00,6.718910906638871916e-01,-7.406499593509014989e-01
1.112661391197837579e+00,2.279721637605551798e+00,0.000000000000000000e+00,-0.000000000000000000e+00,0.000000000000000000e+00,7.126696628896801444e-01,-7.014997873105235371e-01
1.380509422777481010e+00,2.256884291999986303e+00,0.000000000000000000e+00,-0.000000000000000000e+00,0.000000000000000000e+00,6.182606650600679377e-01,-7.859731229752595638e-01
1.122709354428806261e+00,2.169319758890547067e+00,0.000000000000000000e+00,-0.000000000000000000e+00,0.000000000000000000e+00,6.968967424456672388e-01,-7.171714790540804074e-01
9.797993845606878249e-01,2.236202881960614341e+00,0.000000000000000000e+00,-0.000000000000000000e+00,0.000000000000000000e+00,6.956628088285092826e-01,-7.183684684149416189e-01
1.341277152661389360e+00,2.265298949833732145e+00,0.000000000000000000e+00,-0.000000000000000000e+00,0.000000000000000000e+00,6.402497685117900517e-01,-7.681668008451024710e-01
1.177941449668697516e+00,2.105072427836130800e+00,0.000000000000000000e+00,-0.000000000000000000e+00,0.000000000000000000e+00,6.287168340741799977e-01,-7.776343244428837176e-01
9.989580225505988453e-01,2.220801941247406486e+00,0.000000000000000000e+00,-0.000000000000000000e+00,0.000000000000000000e+00,7.059136846935729626e-01,-7.082978679639964081e-01
1.102830232113339637e+00,2.272652917710634934e+00,0.000000000000000000e+00,-0.000000000000000000e+00,0.000000000000000000e+00,7.036061937065738459e-01,-7.105901238954474008e-01
1.006886340449692829e+00,2.158220744379531819e+00,0.000000000000000000e+00,-0.000000000000000000e+00,0.000000000000000000e+00,7.058482718015143265e-01,-7.083630546512258430e-01
1.211765413339616293e+00,2.230019414941588174e+00,0.000000000000000000e+00,-0.000000000000000000e+00,0.000000000000000000e+00,6.740831200530880141e-01,-7.386554997151880686e-01
1.220215647112722124e+00,2.217823595862274733e+00,0.000000000000000000e+00,-0.000000000000000000e+00,0.000000000000000000e+00,6.718910906638871916e-01,-7.406499593509014989e-01
1.005029661373464833e+00,2.235555425896061266e+00,0.000000000000000000e+00,-0.000000000000000000e+00,0.000000000000000000e+00,7.486253448540345357e-01,-6.629932828032104597e-01
1.105268913331145075e+00,2.237447729304733901e+00,0.000000000000000000e+00,-0.000000000000000000e+00,0.000000000000000000e+00,7.513038269351873799e-01,-6.599564831354731709e-01
1.185713233328316685e+00,2.246100162467393968e+00,0.000000000000000000e+00,-0.000000000000000000e+00,0.000000000000000000e+00,6.659721888707043069e-01,-7.459765704435782352e-01
1.348637855155788712e+00,2.412639427613910481e+00,0.000000000000000000e+00,-0.000000000000000000e+00,0.000000000000000000e+00,6.033525355618016839e-01,-7.974745875770241632e-01
1.223181991872502428e+00,2.183483068510738700e+00,0.000000000000000000e+00,-0.000000000000000000e+00,0.000000000000000000e+00,6.920471108858409215e-01,-7.218523369184036698e-01
1.029273650524560768e+00,2.177843155228619043e+00,0.000000000000000000e+00,-0.000000000000000000e+00,0.000000000000000000e+00,7.233889954143695178e-01,-6.904407007943471619e-01
1.325662794131842626e+00,2.255573815925546732e+00,0.000000000000000000e+00,-0.000000000000000000e+00,0.000000000000000000e+00,6.366376110512599329e-01,-7.711631164643085734e-01
1.005029661373464833e+00,2.235555425896061266e+00,0.000000000000000000e+00,-0.000000000000000000e+00,0.000000000000000000e+00,7.486253448540345357e-01,-6.629932828032104597e-01
1.012579085175307592e+00,2.187825414276582947e+00,0.000000000000000000e+00,-0.000000000000000000e+00,0.000000000000000000e+00,6.985694966777661330e-01,-7.155422128088408940e-01
1.130154362080423081e+00,2.413152424379166217e+00,0.000000000000000000e+00,-0.000000000000000000e+00,0.000000000000000000e+00,6.620303745051085986e-01,-7.494770064735980508e-01
1.120267421652128004e+00,2.175366322082714188e+00,0.000000000000000000e+00,-0.000000000000000000e+00,0.000000000000000000e+00,7.201654671780892691e-01,-6.938023492927682945e-01
1.172137484772870497e+00,2.147189859229787334e+00,0.000000000000000000e+00,-0.000000000000000000e+00,0.000000000000000000e+00,6.869636449340217332e-01,-7.266917851049118360e-01
1.135432903456462306e+00,2.336071467304739802e+00,0.000000000000000000e+00,-0.000000000000000000e+00,0.000000000000000000e+00,6.735464746457479057e-01,-7.391448751714949639e-01
1.092738557518603937e+00,2.247458336911789090e+00,0.000000000000000000e+00,-0.000000000000000000e+00,0.000000000000000000e+00,7.072739824564280298e-01,-7.069395403711864478e-01
1.127271653177937871e+00,2.258595753350876478e+00,0.000000000000000000e+00,-0.000000000000000000e+00,0.000000000000000000e+00,6.923969420147282339e-01,-7.215167875307220147e-01
1.329563233774525122e+00,2.251457233603959995e+00,0.000000000000000000e+00,-0.000000000000000000e+00,0.000000000000000000e+00,6.988668902271498728e-01,-7.152517527026640565e-01
1.090963357773325537e+00,2.222421935680368055e+00,0.000000000000000000e+00,-0.000000000000000000e+00,0.000000000000000000e+00,6.799731951731031732e-01,-7.332369697758569504e-01
1.076736705079320400e+00,2.187413041058190899e+00,0.000000000000000000e+00,-0.000000000000000000e+00,0.000000000000000000e+00,6.808178496938704916e-01,-7.324527667626181682e-01
1.038173070773996454e+00,2.164192209630166897e+00,0.000000000000000000e+00,-0.000000000000000000e+00,0.000000000000000000e+00,6.916511261275124500e-01,-7.222317631664672000e-01
1.025818916770148803e+00,2.175161373714624702e+00,0.000000000000000000e+00,-0.000000000000000000e+00,0.000000000000000000e+00,6.989756648321432397e-01,-7.151454537172584613e-01
1.172137484772870497e+00,2.147189859229787334e+00,0.000000000000000000e+00,-0.000000000000000000e+00,0.000000000000000000e+00,6.869636449340217332e-01,-7.266917851049118360e-01
1.045931544631848675e+00,2.219898485834141066e+00,0.000000000000000000e+00,-0.000000000000000000e+00,0.000000000000000000e+00,7.158809030110697691e-01,-6.982224091964216450e-01
1.090996010311460873e+00,2.306887797211473412e+00,0.000000000000000000e+00,-0.000000000000000000e+00,0.000000000000000000e+00,6.957146711670032513e-01,-7.183182416749476218e-01
1.120267421652128004e+00,2.175366322082714188e+00,0.000000000000000000e+00,-0.000000000000000000e+00,0.000000000000000000e+00,7.201654671780892691e-01,-6.938023492927682945e-01
1.112813205102231695e+00,2.205363225109028491e+00,0.000000000000000000e+00,-0.000000000000000000e+00,0.000000000000000000e+00,6.869181033091766864e-01,-7.267348342732191657e-01
1.269529213637495157e+00,2.218159174557096325e+00,0.000000000000000000e+00,-0.000000000000000000e+00,0.000000000000000000e+00,6.632172221456232863e-01,-7.484269611989154969e-01
1.105070161795811412e+00,2.250982642685526613e+00,0.000000000000000000e+00,-0.000000000000000000e+00,0.000000000000000000e+00,6.925688035891089944e-01,-7.213518228265248800e-01
1.099917198644891903e+00,2.159269900829578148e+00,0.000000000000000000e+00,-0.000000000000000000e+00,0.000000000000000000e+00,6.764701417196183897e-01,-7.364700587001751231e-01
1.134178518089657306e+00,2.171663017898154635e+00,0.000000000000000000e+00,-0.000000000000000000e+00,0.000000000000000000e+00,6.565540370951098437e-01,-7.542789910730068881e-01
9.771519687551106781e-01,2.130403180909556493e+00,0.000000000000000000e+00,-0.000000000000000000e+00,0.000000000000000000e+00,6.709137604806110211e-01,-7.415353841845750971e-01
1.036792862932524706e+00,2.251883812082292824e+00,0.000000000000000000e+00,-0.000000000000000000e+00,0.000000000000000000e+00,7.197763451962442272e-01,-6.942060305816545318e-01
1.083822684748392495e+00,2.268497390158404237e+00,0.000000000000000000e+00,-0.000000000000000000e+00,0.000000000000000000e+00,7.066017123041289372e-01,-7.076114895681619998e-01
9.357061187230865107e-01,2.139124583211453157e+00,0.000000000000000000e+00,-0.000000000000000000e+00,0.000000000000000000e+00,7.231163441705703576e-01,-6.907262502564885942e-01
1.114459470739442626e+00,2.296376314647221584e+00,0.000000000000000000e+00,-0.000000000000000000e+00,0.000000000000000000e+00,7.269188066604647114e-01,-6.867234148646206293e-01
1.150265221707314156e+00,2.257013341946695562e+00,0.000000000000000000e+00,-0.000000000000000000e+00,0.000000000000000000e+00,6.901724914876409267e-01,-7.236448935726295106e-01
1.223325064702382114e+00,2.164476420287333003e+00,0.000000000000000000e+00,-0.000000000000000000e+00,0.000000000000000000e+00,6.830563992957208175e-01,-7.303656312978895615e-01
1.092085097551738659e+00,2.171591004495105004e+00,0.000000000000000000e+00,-0.000000000000000000e+00,0.000000000000000000e+00,6.593258130574003451e-01,-7.518573483289220372e-01
9.322469342343755461e-01,7.536283399918660697e-01,0.000000000000000000e+00,0.000000000000000000e+00,0.000000000000000000e+00,9.998027621411770260e-01,1.986043340093358867e-02
1.088261229466747082e+00,2.196235424920462087e+00,0.000000000000000000e+00,-0.000000000000000000e+00,0.000000000000000000e+00,6.915806712659774425e-01,-7.222992282505221739e-01
1.134178518089657306e+00,2.171663017898154635e+00,0.000000000000000000e+00,-0.000000000000000000e+00,0.000000000000000000e+00,6.565540370951098437e-01,-7.542789910730068881e-01
1.105070161795811412e+00,2.250982642685526613e+00,0.000000000000000000e+00,-0.000000000000000000e+00,0.000000000000000000e+00,6.925688035891089944e-01,-7.213518228265248800e-01
1.204997667120472959e+00,2.227301648679371748e+00,0.000000000000000000e+00,-0.000000000000000000e+00,0.000000000000000000e+00,6.629952771054424820e-01,-7.486235786667939651e-01
9.867556883286576763e-01,2.338074516767250977e+00,0.000000000000000000e+00,-0.000000000000000000e+00,0.000000000000000000e+00,6.804879416573854645e-01,-7.327592792035422242e-01
1.073392597642224722e+00,2.165945331899625348e+00,0.000000000000000000e+00,-0.000000000000000000e+00,0.000000000000000000e+00,7.056875353292869635e-01,-7.085231841519912255e-01
1.259795001575837459e+00,2.205869930581205285e+00,0.000000000000000000e+00,-0.000000000000000000e+00,0.000000000000000000e+00,6.535374399485210928e-01,-7.568941898214923691e-01
1.175431314691203433e+00,2.252694018072861848e+00,0.000000000000000000e+00,-0.000000000000000000e+00,0.000000000000000000e+00,6.808565698110516928e-01,-7.324167743471803327e-01
1.151376891543081316e+00,2.163540092125292968e+00,0.000000000000000000e+00,-0.000000000000000000e+00,0.000000000000000000e+00,6.627761479053562166e-01,-7.488175864439465812e-01
1.144597119812035046e+00,2.258917448625008539e+00,0.000000000000000000e+00,-0.000000000000000000e+00,0.000000000000000000e+00,6.598729351183961755e-01,-7.513772085299320613e-01
1.128906723493880770e+00,2.248996873005067343e+00,0.000000000000000000e+00,-0.000000000000000000e+00,0.000000000000000000e+00,7.031926342333716384e-01,-7.109993805622699670e-01
1.172741261183372741e+00,2.210372748909789742e+00,0.000000000000000000e+00,-0.000000000000000000e+00,0.000000000000000000e+00,6.605533508329803905e-01,-7.507791091281919016e-01
1.102662977953781986e+00,2.217776552837339654e+00,0.000000000000000000e+00,-0.000000000000000000e+00,0.000000000000000000e+00,6.837164183731191391e-01,-7.297478052361883183e-01
1.133008792392787178e+00,2.260415866123046236e+00,0.000000000000000000e+00,-0.000000000000000000e+00,0.000000000000000000e+00,6.700867068342291066e-01,-7.422828337797243714e-01
1.062559817155724673e+00,2.215529760553023308e+00,0.000000000000000000e+00,-0.000000000000000000e+00,0.000000000000000000e+00,6.568407810866617735e-01,-7.540293020178088224e-01
1.091802806125738989e+00,2.145018816549223661e+00,0.000000000000000000e+00,-0.000000000000000000e+00,0.000000000000000000e+00,6.964898928234851683e-01,-7.175666026193876501e-01
1.150499433318250109e+00,2.333316467178919495e+00,0.000000000000000000e+00,-0.000000000000000000e+00,0.000000000000000000e+00,6.709818305310457642e-01,-7.414737912409359311e-01
1.094413593714311350e+00,2.185478045845338890e+00,0.000000000000000000e+00,-0.000000000000000000e+00,0.000000000000000000e+00,7.217086882076124699e-01,-6.921969151662316078e-01
1.120427068247817903e+00,2.268785077183906207e+00,0.000000000000000000e+00,-0.000000000000000000e+00,0.000000000000000000e+00,7.103399678223640823e-01,-7.038587430117798638e-01
1.149105722400821650e+00,2.258183153855211955e+00,0.000000000000000000e+00,-0.000000000000000000e+00,0.000000000000000000e+00,7.147114862074488428e-01,-6.994193959872285760e-01
1.118328523766275007e+00,2.260594622565214706e+00,0.000000000000000000e+00,-0.000000000000000000e+00,0.000000000000000000e+00,6.672193450478385301e-01,-7.448612928552089674e-01
1.113235867243907107e+00,2.297502561217824812e+00,0.000000000000000000e+00,-0.000000000000000000e+00,0.000000000000000000e+00,7.357124041435962880e-01,-6.772940708357410022e-01
7.609844715165346996e-01,2.250326252126559012e+00,0.000000000000000000e+00,-0.000000000000000000e+00,0.000000000000000000e+00,8.011752805069642935e-01,-5.984297535254969880e-01
1.153105791041833195e+00,2.173140797505606070e+00,0.000000000000000000e+00,-0.000000000000000000e+00,0.000000000000000000e+00,6.359370861223797577e-01,-7.717409037327079835e-01
1.120782815043317004e+00,2.283765721492674761e+00,0.000000000000000000e+00,-0.000000000000000000e+00,0.000000000000000000e+00,7.119613774004354134e-01,-7.022186248527411134e-01
1.266151495160530827e+00,2.222048986785060798e+00,0.000000000000000000e+00,-0.000000000000000000e+00,0.000000000000000000e+00,6.990051473527667536e-01,-7.151166366225419901e-01
1.147780014973473373e+00,2.164183791003696733e+00,0.000000000000000000e+00,-0.000000000000000000e+00,0.000000000000000000e+00,7.032911389439140404e-01,-7.109019439296618836e-01
1.174536455089636000e+00,2.077981651571346955e+00,0.000000000000000000e+00,-0.000000000000000000e+00,0.000000000000000000e+00,6.932280339516396772e-01,-7.207183173359369421e-01
1.035086500233350471e+00,2.164039548166501348e+00,0.000000000000000000e+00,-0.000000000000000000e+00,0.000000000000000000e+00,7.099907038866893894e-01,-7.042110481911536546e-01
1.110535997270899911e+00,2.162942605434144294e+00,0.000000000000000000e+00,-0.000000000000000000e+00,0.000000000000000000e+00,7.054061649839369341e-01,-7.088033171498668850e-01
1.137862049274596332e+00,2.155865023413380932e+00,0.000000000000000000e+00,-0.000000000000000000e+00,0.000000000000000000e+00,7.149157181662860738e-01,-6.992106377328533018e-01
1.086530642322126150e+00,2.216846375800363589e+00,0.000000000000000000e+00,-0.000000000000000000e+00,0.000000000000000000e+00,6.409659525779684008e-01,-7.675693112910504379e-01
1.108841468706105671e+00,2.163243132009930569e+00,0.000000000000000000e+00,-0.000000000000000000e+00,0.000000000000000000e+00,6.818835227975764690e-01,-7.314607722476763607e-01
1.063178447311442953e+00,2.232946439974444530e+00,0.000000000000000000e+00,-0.000000000000000000e+00,0.000000000000000000e+00,6.759575307762377694e-01,-7.369405787354171844e-01
1.151167518575588744e+00,2.242503471896190259e+00,0.000000000000000000e+00,-0.000000000000000000e+00,0.000000000000000000e+00,7.141639298595207075e-01,-6.999784863034045346e-01
1.008856111872264982e+00,2.163975190507145374e+00,0.000000000000000000e+00,-0.000000000000000000e+00,0.000000000000000000e+00,7.001333051089756454e-01,-7.140121533119601072e-01
9.308880909569142714e-01,2.217497774324850734e+00,0.000000000000000000e+00,-0.000000000000000000e+00,0.000000000000000000e+00,7.319879426346409534e-01,-6.813175851521120485e-01
1.137862049274596332e+00,2.155865023413380932e+00,0.000000000000000000e+00,-0.000000000000000000e+00,0.000000000000000000e+00,7.149157181662860738e-01,-6.992106377328533018e-01
1.308889305449225438e+00,2.181110355887506458e+00,0.000000000000000000e+00,-0.000000000000000000e+00,0.000000000000000000e+00,6.326702938588798508e-01,-7.744212673141915859e-01
6.875402037765663277e-01,2.308559776823378762e+00,0.000000000000000000e+00,-0.000000000000000000e+00,0.000000000000000000e+00,8.079947606729824816e-01,-5.891896695674575524e-01
1.112928653535044887e+00,2.215575555048936440e+00,0.000000000000000000e+00,-0.000000000000000000e+00,0.000000000000000000e+00,6.857996229786124109e-01,-7.277904074130087109e-01
1.172837576211996247e+00,2.224307319459509991e+00,0.000000000000000000e+00,-0.000000000000000000e+00,0.000000000000000000e+00,6.696380597510681598e-01,-7.426875984778693596e-01
9.234306955240830783e-01,2.192768295382866661e+00,0.000000000000000000e+00,-0.000000000000000000e+00,0.000000000000000000e+00,7.154385279227568617e-01,-6.986756849667223879e-01
1.129434576769022813e+00,2.266917153672047380e+00,0.000000000000000000e+00,-0.000000000000000000e+00,0.000000000000000000e+00,6.957871542398849085e-01,-7.182480323640035857e-01
1.149741348523800388e+00,2.160057231887722029e+00,0.000000000000000000e+00,-0.000000000000000000e+00,0.000000000000000000e+00,7.029836347748510406e-01,-7.112060244674105469e-01
1.025773799127294383e+00,2.226206548127328322e+00,0.000000000000000000e+00,-0.000000000000000000e+00,0.000000000000000000e+00,6.564731143428824689e-01,-7.543494217834045834e-01
1.145932700156765183e+00,2.298961153281736891e+00,0.000000000000000000e+00,-0.000000000000000000e+00,0.000000000000000000e+00,6.344911323042435880e-01,-7.729301411041484826e-01
1.092133846505251027e+00,2.281475916120002445e+00,0.000000000000000000e+00,-0.000000000000000000e+00,0.000000000000000000e+00,6.949810430441287767e-01,-7.190280591251602127e-01
1.206146026313326791e+00,2.294572811903338838e+00,0.000000000000000000e+00,-0.000000000000000000e+00,0.000000000000000000e+00,6.338762210580193290e-01,-7.734345068441186299e-01
1.195102438245285947e+00,2.131910794825107036e+00,0.000000000000000000e+00,-0.000000000000000000e+00,0.000000000000000000e+00,7.044280968099038143e-01,-7.097753563098516683e-01
1.157482364732860036e+00,2.378070023036643832e+00,0.000000000000000000e+00,-0.000000000000000000e+00,0.000000000000000000e+00,7.014571213770006697e-01,-7.127116575933718501e-01
1.250043638939925872e+00,2.226237313288554898e+00,0.000000000000000000e+00,-0.000000000000000000e+00,0.000000000000000000e+00,6.844805870668926318e-01,-7.290310870796676834e-01
9.867153522018867751e-01,2.246556122534958622e+00,0.000000000000000000e+00,-0.000000000000000000e+00,0.000000000000000000e+00,6.882319802430466593e-01,-7.254906900648241397e-01
1.178998671335248494e+00,2.206984482711427997e+00,0.000000000000000000e+00,-0.000000000000000000e+00,0.000000000000000000e+00,6.452685779687666878e-01,-7.639557986468625828e-01
1.127191440759505614e+00,2.106460846755145777e+00,0.000000000000000000e+00,-0.000000000000000000e+00,0.000000000000000000e+00,6.938941002965737237e-01,-7.200770636352809007e-01
1.297500460446814552e+00,2.322167829051010823e+00,0.000000000000000000e+00,-0.000000000000000000e+00,0.000000000000000000e+00,6.828100547645971075e-01,-7.305959410730173964e-01
9.380798412875152037e-01,2.277184673285007843e+00,0.000000000000000000e+00,-0.000000000000000000e+00,0.000000000000000000e+00,7.322790233215816791e-01,-6.810047224529287568e-01
1.170585478435054005e+00,2.187074460564744527e+00,0.000000000000000000e+00,-0.000000000000000000e+00,0.000000000000000000e+00,6.658611074753323367e-01,-7.460757237383641716e-01
1.139875372320197533e+00,2.272608834579487702e+00,0.000000000000000000e+00,-0.000000000000000000e+00,0.000000000000000000e+00,6.945413916208591498e-01,-7.194527471108581596e-01
1.022934635522678271e+00,2.293451714106800932e+00,0.000000000000000000e+00,-0.000000000000000000e+00,0.000000000000000000e+00,6.661443140675953334e-01,-7.458228696114197476e-01
1.151784885125357594e+00,2.275790034544849405e+00,0.000000000000000000e+00,-0.000000000000000000e+00,0.000000000000000000e+00,7.300096482992283198e-01,-6.834368393568179822e-01
1.174626403737437430e+00,2.306283061065920403e+00,0.000000000000000000e+00,-0.000000000000000000e+00,0.000000000000000000e+00,6.348426272913074708e-01,-7.726414683240021564e-01
1.118514369477531023e+00,2.201699195334340331e+00,0.000000000000000000e+00,-0.000000000000000000e+00,0.000000000000000000e+00,6.821317661135942734e-01,-7.312292757123094455e-01
1.135531961152434377e+00,2.237976082344482531e+00,0.000000000000000000e+00,-0.000000000000000000e+00,0.000000000000000000e+00,6.783064027026132203e-01,-7.347791668607924764e-01
1.188299770539845257e+00,2.303359114644782490e+00,0.000000000000000000e+00,-0.000000000000000000e+00,0.000000000000000000e+00,7.022327463449585805e-01,-7.119474488758401609e-01
1.205131966085371209e+00,2.234008120372274142e+00,0.000000000000000000e+00,-0.000000000000000000e+00,0.000000000000000000e+00,6.835199870112633747e-01,-7.299317963728682024e-01
1.127191440759505614e+00,2.106460846755145777e+00,0.000000000000000000e+00,-0.000000000000000000e+00,0.000000000000000000e+00,6.938941002965737237e-01,-7.200770636352809007e-01
1.172741261183372741e+00,2.210372748909789742e+00,0.000000000000000000e+00,-0.000000000000000000e+00,0.000000000000000000e+00,6.605533508329803905e-01,-7.507791091281919016e-01
1.153690696211002287e+00,2.167844879092418076e+00,0.000000000000000000e+00,-0.000000000000000000e+00,0.000000000000000000e+00,7.153556814111360351e-01,-6.987605090965067767e-01
1.300360614081934596e+00,2.344790699080061547e+00,0.000000000000000000e+00,-0.000000000000000000e+00,0.000000000000000000e+00,6.261269042753691005e-01,-7.797211679456591549e-01
7.800632658848771772e-01,2.161085198859136192e+00,0.000000000000000000e+00,-0.000000000000000000e+00,0.000000000000000000e+00,7.440508423893557044e-01,-6.681230006066922744e-01
1.148224075650525089e+00,2.343922953501096806e+00,0.000000000000000000e+00,-0.000000000000000000e+00,0.000000000000000000e+00,6.789816935038643919e-01,-7.341552014980377017e-01
1.136983358239477493e+00,2.268501301021693894e+00,0.000000000000000000e+00,-0.000000000000000000e+00,0.000000000000000000e+00,6.768208419086596539e-01,-7.361477758969683372e-01
1.058867360422657722e+00,2.246584284806795395e+00,0.000000000000000000e+00,-0.000000000000000000e+00,0.000000000000000000e+00,6.833642155091825821e-01,-7.300776321471021957e-01
1.066627756264063365e+00,2.266158209382247435e+00,0.000000000000000000e+00,-0.000000000000000000e+00,0.000000000000000000e+00,7.286265084990032337e-01,-6.849112432370721981e-01
1.194429856096432374e+00,2.183226927553374885e+00,0.000000000000000000e+00,-0.000000000000000000e+00,0.000000000000000000e+00,6.812484607971170947e-01,-7.320522759076422137e-01
1.135751268080694043e+00,2.181784986236008805e+00,0.000000000000000000e+00,-0.000000000000000000e+00,0.000000000000000000e+00,7.009873313153712759e-01,-7.131737245127262037e-01
1.097805698803999919e+00,2.161485093590069351e+00,0.000000000000000000e+00,-0.000000000000000000e+00,0.000000000000000000e+00,7.097622823800406877e-01,-7.044412697384185851e-01
1.206471282977155557e+00,2.252539760521403700e+00,0.000000000000000000e+00,-0.000000000000000000e+00,0.000000000000000000e+00,6.652110098356340817e-01,-7.466554174406396793e-01
1.181683242090067809e+00,2.204900416340477953e+00,0.000000000000000000e+00,-0.000000000000000000e+00,0.000000000000000000e+00,6.977050132950954886e-01,-7.163851718334841578e-01
1.173673379781075443e+00,2.247452209251166622e+00,0.000000000000000000e+00,-0.000000000000000000e+00,0.000000000000000000e+00,6.926276729032438961e-01,-7.212952978694904260e-01
1.108841468706105671e+00,2.163243132009930569e+00,0.000000000000000000e+00,-0.000000000000000000e+00,0.000000000000000000e+00,6.818835227975764690e-01,-7.314607722476763607e-01
1.088534020742773389e+00,2.232955180012134555e+00,0.000000000000000000e+00,-0.000000000000000000e+00,0.000000000000000000e+00,6.970561077988994825e-01,-7.170165845921898651e-01
1.139618265686872078e+00,2.303105188963930239e+00,0.000000000000000000e+00,-0.000000000000000000e+00,0.000000000000000000e+00,6.731311378448390226e-01,-7.395231377473677759e-01
1.151558809408840700e+00,2.204175683948820463e+00,0.000000000000000000e+00,-0.000000000000000000e+00,0.000000000000000000e+00,6.736808282349541210e-01,-7.390224229809717604e-01
1.108918603575262285e+00,2.419925633915277707e+00,0.000000000000000000e+00,-0.000000000000000000e+00,0.000000000000000000e+00,6.311322654968753998e-01,-7.756752306531269348e-01
1.200101998742960863e+00,2.283229768083909761e+00,0.000000000000000000e+00,-0.000000000000000000e+00,0.000000000000000000e+00,6.706960958009831053e-01,-7.417322610466113852e-01
1.164148362141311566e+00,2.404447929910896953e+00,0.000000000000000000e+00,-0.000000000000000000e+00,0.000000000000000000e+00,6.924942686854880236e-01,-7.214233762761995683e-01
1.190282036272649391e+00,2.149999623805656679e+00,0.000000000000000000e+00,-0.000000000000000000e+00,0.000000000000000000e+00,6.777322395917145803e-01,-7.353087864414505903e-01
1.066627756264063365e+00,2.266158209382247435e+00,0.000000000000000000e+00,-0.000000000000000000e+00,0.000000000000000000e+00,7.286265084990032337e-01,-6.849112432370721981e-01
1.172137484772870497e+00,2.147189859229787334e+00,0.000000000000000000e+00,-0.000000000000000000e+00,0.000000000000000000e+00,6.869636449340217332e-01,-7.266917851049118360e-01
1.257759696858563592e+00,2.243977176344669200e+00,0.000000000000000000e+00,-0.000000000000000000e+00,0.000000000000000000e+00,6.576660703830585764e-01,-7.533095909829542469e-01
1.056344590112573201e+00,2.257358663053322001e+00,0.000000000000000000e+00,-0.000000000000000000e+00,0.000000000000000000e+00,6.571338022878329133e-01,-7.537739488007896282e-01
1.149105722400821650e+00,2.258183153855211955e+00,0.000000000000000000e+00,-0.000000000000000000e+00,0.000000000000000000e+00,7.147114862074488428e-01,-6.994193959872285760e-01
1.086404999691535922e+00,2.107824011559455091e+00,0.000000000000000000e+00,-0.000000000000000000e+00,0.000000000000000000e+00,6.830441878947502987e-01,-7.303770515173659827e-01
1.122274402872089460e+00,2.175282712382516248e+00,0.000000000000000000e+00,-0.000000000000000000e+00,0.000000000000000000e+00,6.927310161674677946e-01,-7.211960477148965376e-01
1.173673379781075443e+00,2.247452209251166622e+00,0.000000000000000000e+00,-0.000000000000000000e+00,0.000000000000000000e+00,6.926276729032438961e-01,-7.212952978694904260e-01
1.232871415229763290e+00,2.319333309394263853e+00,0.000000000000000000e+00,-0.000000000000000000e+00,0.000000000000000000e+00,6.443019796146562950e-01,-7.647711808538780742e-01
1.092833319924039426e+00,2.143903477844267602e+00,0.000000000000000000e+00,-0.000000000000000000e+00,0.000000000000000000e+00,7.145998010012341028e-01,-6.995335048509089271e-01
1.154264902329706688e+00,2.298941056473307487e+00,0.000000000000000000e+00,-0.000000000000000000e+00,0.000000000000000000e+00,6.539089194137023275e-01,-7.565732780842872041e-01
1.134122255051296380e+00,2.299213197141945386e+00,0.000000000000000000e+00,-0.000000000000000000e+00,0.000000000000000000e+00,6.992268342574891049e-01,-7.148998770836723082e-01
1.062559817155724673e+00,2.215529760553023308e+00,0.000000000000000000e+00,-0.000000000000000000e+00,0.000000000000000000e+00,6.568407810866617735e-01,-7.540293020178088224e-01
1.018293351500222821e+00,2.108467755724208637e+00,0.000000000000000000e+00,-0.000000000000000000e+00,0.000000000000000000e+00,6.948540462720550481e-01,-7.191507869559434774e-01
1.118514369477531023e+00,2.201699195334340331e+00,0.000000000000000000e+00,-0.000000000000000000e+00,0.000000000000000000e+00,6.821317661135942734e-01,-7.312292757123094455e-01
1.117932842713035946e+00,2.150262695247665334e+00,0.000000000000000000e+00,-0.000000000000000000e+00,0.000000000000000000e+00,6.912433729154475737e-01,-7.226220308020476768e-01
1.147132675289304959e+00,2.231547964914021964e+00,0.000000000000000000e+00,-0.000000000000000000e+00,0.000000000000000000e+00,6.595489161224725727e-01,-7.516616441203261001e-01
1.091908720919140263e+00,2.230981509148845632e+00,0.000000000000000000e+00,-0.000000000000000000e+00,0.000000000000000000e+00,6.793544122466063095e-01,-7.338103178349757449e-01
1.123782332112324145e+00,2.275308970235295991e+00,0.000000000000000000e+00,-0.000000000000000000e+00,0.000000000000000000e+00,6.754378824887461441e-01,-7.374168881298548417e-01
9.916835526329276229e-01,2.138207441588316993e+00,0.000000000000000000e+00,-0.000000000000000000e+00,0.000000000000000000e+00,7.047793098040269211e-01,-7.094266166927764017e-01
1.292444540225618610e+00,2.252175602039360403e+00,0.000000000000000000e+00,-0.000000000000000000e+00,0.000000000000000000e+00,6.574364677842077231e-01,-7.535099805758542768e-01
1.224186293136414694e+00,2.304030902334743391e+00,0.000000000000000000e+00,-0.000000000000000000e+00,0.000000000000000000e+00,6.764016692483427740e-01,-7.365329468788586187e-01
1.099694394268696085e+00,2.320801615392702022e+00,0.000000000000000000e+00,-0.000000000000000000e+00,0.000000000000000000e+00,6.906319533426830137e-01,-7.232064055455192930e-01
1.163132171161502582e+00,2.239841568687050533e+00,0.000000000000000000e+00,-0.000000000000000000e+00,0.000000000000000000e+00,6.882244816632081541e-01,-7.254978034697336930e-01
1.136490118797870652e+00,2.187453375867212557e+00,0.000000000000000000e+00,-0.000000000000000000e+00,0.000000000000000000e+00,6.975236922680463358e-01,-7.165617201084298893e-01
1.083822684748392495e+00,2.268497390158404237e+00,0.000000000000000000e+00,-0.000000000000000000e+00,0.000000000000000000e+00,7.066017123041289372e-01,-7.076114895681619998e-01
1.094286422171075301e+00,2.242345481840230637e+00,0.000000000000000000e+00,-0.000000000000000000e+00,0.000000000000000000e+00,7.069229007199864245e-01,-7.072906138481127591e-01
1.057591414394231100e+00,2.201056616221066520e+00,0.000000000000000000e+00,-0.000000000000000000e+00,0.000000000000000000e+00,7.031858965841480957e-01,-7.110060441692094280e-01
1.240197448288225646e+00,2.246456844975996958e+00,0.000000000000000000e+00,-0.000000000000000000e+00,0.000000000000000000e+00,6.952032520941221483e-01,-7.188132151524180280e-01
1.105070161795811412e+00,2.250982642685526613e+00,0.000000000000000000e+00,-0.000000000000000000e+00,0.000000000000000000e+00,6.925688035891089944e-01,-7.213518228265248800e-01
1.085183226886664576e+00,2.247108470363286870e+00,0.000000000000000000e+00,-0.000000000000000000e+00,0.000000000000000000e+00,6.901957380614697213e-01,-7.236227215626822584e-01
1.063741816617221003e+00,2.149725741292919157e+00,0.000000000000000000e+00,-0.000000000000000000e+00,0.000000000000000000e+00,6.743574942396491911e-01,-7.384050175634111479e-01
1.063659705692663326e+00,2.239889922865156535e+00,0.000000000000000000e+00,-0.000000000000000000e+00,0.000000000000000000e+00,7.063722908472054307e-01,-7.078405093827782046e-01
8.997724424067512494e-01,2.271502119251814111e+00,0.000000000000000000e+00,-0.000000000000000000e+00,0.000000000000000000e+00,7.016847525416788356e-01,-7.124875494003547471e-01
1.192344336787239056e+00,2.193262015526058040e+00,0.000000000000000000e+00,-0.000000000000000000e+00,0.000000000000000000e+00,6.983590757053227405e-01,-7.157475821684676776e-01
1.076736705079320400e+00,2.187413041058190899e+00,0.000000000000000000e+00,-0.000000000000000000e+00,0.000000000000000000e+00,6.808178496938704916e-01,-7.324527667626181682e-01
1.341277152661389360e+00,2.265298949833732145e+00,0.000000000000000000e+00,-0.000000000000000000e+00,0.000000000000000000e+00,6.402497685117900517e-01,-7.681668008451024710e-01
1.242830012991323008e+00,2.197956474290617024e+00,0.000000000000000000e+00,-0.000000000000000000e+00,0.000000000000000000e+00,6.647166979291080358e-01,-7.470955169817463659e-01
1.156454166424595753e+00,2.233455661585410645e+00,0.000000000000000000e+00,-0.000000000000000000e+00,0.000000000000000000e+00,6.673388481839712671e-01,-7.447542290611652849e-01
1.159491164101609018e+00,2.247720863824833604e+00,0.000000000000000000e+00,-0.000000000000000000e+00,0.000000000000000000e+00,6.459403400978788179e-01,-7.633878942151470781e-01
1.266151495160530827e+00,2.222048986785060798e+00,0.000000000000000000e+00,-0.000000000000000000e+00,0.000000000000000000e+00,6.990051473527667536e-01,-7.151166366225419901e-01
1.124232125497695911e+00,2.313596118361916698e+00,0.000000000000000000e+00,-0.000000000000000000e+00,0.000000000000000000e+00,7.075482300126746393e-01,-7.066650565904127879e-01
1.045931544631848675e+00,2.219898485834141066e+00,0.000000000000000000e+00,-0.000000000000000000e+00,0.000000000000000000e+00,7.158809030110697691e-01,-6.982224091964216450e-01
1.197918462639815829e+00,2.227083647665232480e+00,0.000000000000000000e+00,-0.000000000000000000e+00,0.000000000000000000e+00,6.700509150226093835e-01,-7.423151428317785738e-01
1.177672138109762789e+00,2.175572627951302351e+00,0.000000000000000000e+00,-0.000000000000000000e+00,0.000000000000000000e+00,6.637246420627403998e-01,-7.479770046723944743e-01
1.164937344379562534e+00,2.141828001089864930e+00,0.000000000000000000e+00,-0.000000000000000000e+00,0.000000000000000000e+00,6.832081322111269728e-01,-7.302236972877443888e-01
1.095175628780891142e+00,2.214303944544240288e+00,0.000000000000000000e+00,-0.000000000000000000e+00,0.000000000000000000e+00,6.942942914823279077e-01,-7.196912093495739793e-01
9.480486490409889555e-01,2.315450240863206055e+00,0.000000000000000000e+00,-0.000000000000000000e+00,0.000000000000000000e+00,7.499852969995837171e-01,-6.614544990280482040e-01
1.105920503858238035e+00,2.159628256614659847e+00,0.000000000000000000e+00,-0.000000000000000000e+00,0.000000000000000000e+00,6.652972777816996697e-01,-7.465785505733874006e-01
1.149105722400821650e+00,2.258183153855211955e+00,0.000000000000000000e+00,-0.000000000000000000e+00,0.000000000000000000e+00,7.147114862074488428e-01,-6.994193959872285760e-01
1.188299770539845257e+00,2.303359114644782490e+00,0.000000000000000000e+00,-0.000000000000000000e+00,0.000000000000000000e+00,7.022327463449585805e-01,-7.119474488758401609e-01
1.137862049274596332e+00,2.155865023413380932e+00,0.000000000000000000e+00,-0.000000000000000000e+00,0.000000000000000000e+00,7.149157181662860738e-01,-6.992106377328533018e-01
1.004585208099080695e+00,2.178792891917094021e+00,0.000000000000000000e+00,-0.000000000000000000e+00,0.000000000000000000e+00,7.231929705641527706e-01,-6.906460217264677182e-01
1.164148362141311566e+00,2.404447929910896953e+00,0.000000000000000000e+00,-0.000000000000000000e+00,0.000000000000000000e+00,6.924942686854880236e-01,-7.214233762761995683e-01
1.025818916770148803e+00,2.175161373714624702e+00,0.000000000000000000e+00,-0.000000000000000000e+00,0.000000000000000000e+00,6.989756648321432397e-01,-7.151454537172584613e-01
1.149741348523800388e+00,2.160057231887722029e+00,0.000000000000000000e+00,-0.000000000000000000e+00,0.000000000000000000e+00,7.029836347748510406e-01,-7.112060244674105469e-01
1.122032378590199331e+00,2.249632472650883397e+00,0.000000000000000000e+00,-0.000000000000000000e+00,0.000000000000000000e+00,7.058986413892538447e-01,-7.083128603130155465e-01
1.250043638939925872e+00,2.226237313288554898e+00,0.000000000000000000e+00,-0.000000000000000000e+00,0.000000000000000000e+00,6.844805870668926318e-01,-7.290310870796676834e-01
1.134178518089657306e+00,2.171663017898154635e+00,0.000000000000000000e+00,-0.000000000000000000e+00,0.000000000000000000e+00,6.565540370951098437e-01,-7.542789910730068881e-01
1.048879547741420115e+00,2.127552651877097301e+00,0.000000000000000000e+00,-0.000000000000000000e+00,0.000000000000000000e+00,7.403966865981015388e-01,-6.721701767220504831e-01
1.119225777913080533e+00,2.265699329100613557e+00,0.000000000000000000e+00,-0.000000000000000000e+00,0.000000000000000000e+00,7.200337127455685993e-01,-6.939390841492010242e-01
1.172669812256012190e+00,2.202069587933642048e+00,0.000000000000000000e+00,-0.000000000000000000e+00,0.000000000000000000e+00,6.888184507436634352e-01,-7.249338879615846443e-01
1.112928653535044887e+00,2.215575555048936440e+00,0.000000000000000000e+00,-0.000000000000000000e+00,0.000000000000000000e+00,6.857996229786124109e-01,-7.277904074130087109e-01
1.220804110036626478e+00,2.292867958806279471e+00,0.000000000000000000e+00,-0.000000000000000000e+00,0.000000000000000000e+00,6.768301842704682603e-01,-7.361391863366628652e-01
1.136780783464508504e+00,2.227461575629388069e+00,0.000000000000000000e+00,-0.000000000000000000e+00,0.000000000000000000e+00,6.726244052302371434e-01,-7.399840602936456069e-01
1.005029661373464833e+00,2.235555425896061266e+00,0.000000000000000000e+00,-0.000000000000000000e+00,0.000000000000000000e+00,7.486253448540345357e-01,-6.629932828032104597e-01
1.157020542336480773e+00,2.222312957542607936e+00,0.000000000000000000e+00,-0.000000000000000000e+00,0.000000000000000000e+00,7.187962482465177771e-01,-6.952207947887709683e-01
9.545475534709078058e-01,5.956283882761101989e-01,0.000000000000000000e+00,-0.000000000000000000e+00,0.000000000000000000e+00,9.999404996290421899e-01,-1.090858385041396268e-02
1.156454166424595753e+00,2.233455661585410645e+00,0.000000000000000000e+00,-0.000000000000000000e+00,0.000000000000000000e+00,6.673388481839712671e-01,-7.447542290611652849e-01
1.137072926344460111e+00,2.288524585271191736e+00,0.000000000000000000e+00,-0.000000000000000000e+00,0.000000000000000000e+00,6.669894460603096320e-01,-7.450671639819871350e-01
1.225807441521610475e+00,2.176731979353923041e+00,0.000000000000000000e+00,-0.000000000000000000e+00,0.000000000000000000e+00,6.912709231816559496e-01,-7.225956758544719305e-01
1.048879547741420115e+00,2.127552651877097301e+00,0.000000000000000000e+00,-0.000000000000000000e+00,0.000000000000000000e+00,7.403966865981015388e-01,-6.721701767220504831e-01
1.128906723493880770e+00,2.248996873005067343e+00,0.000000000000000000e+00,-0.000000000000000000e+00,0.000000000000000000e+00,7.031926342333716384e-01,-7.109993805622699670e-01
9.749366721093334354e-01,2.113179021200758623e+00,0.000000000000000000e+00,-0.000000000000000000e+00,0.000000000000000000e+00,6.969244535780778627e-01,-7.171445502859918886e-01
1.271436209746776402e+00,2.267895189892410901e+00,0.000000000000000000e+00,-0.000000000000000000e+00,0.000000000000000000e+00,6.673478259888498965e-01,-7.447461843795882830e-01
1.105070161795811412e+00,2.250982642685526613e+00,0.000000000000000000e+00,-0.000000000000000000e+00,0.000000000000000000e+00,6.925688035891089944e-01,-7.213518228265248800e-01
1.216483980427618405e+00,2.149552536682945103e+00,0.000000000000000000e+00,-0.000000000000000000e+00,0.000000000000000000e+00,5.874361879883367443e-01,-8.092704894173093910e-01
1.110535997270899911e+00,2.162942605434144294e+00,0.000000000000000000e+00,-0.000000000000000000e+00,0.000000000000000000e+00,7.054061649839369341e-01,-7.088033171498668850e-01
1.030608507687193587e+00,2.305790472715565365e+00,0.000000000000000000e+00,-0.000000000000000000e+00,0.000000000000000000e+00,7.035820066389375516e-01,-7.106140724288578792e-01
9.085300954884127922e-01,5.985536016697051709e-01,0.000000000000000000e+00,-0.000000000000000000e+00,0.000000000000000000e+00,9.991983048639101472e-01,-4.003432973197552924e-02
1.148224075650525089e+00,2.343922953501096806e+00,0.000000000000000000e+00,-0.000000000000000000e+00,0.000000000000000000e+00,6.789816935038643919e-01,-7.341552014980377017e-01
1.121645943094005338e+00,2.282027070488905185e+00,0.000000000000000000e+00,-0.000000000000000000e+00,0.000000000000000000e+00,6.660134085789675140e-01,-7.459397694137411827e-01
1.204499570400002106e+00,2.140667053175267398e+00,0.000000000000000000e+00,-0.000000000000000000e+00,0.000000000000000000e+00,6.943926550313677115e-01,-7.195963039360944169e-01
1.218416104809011413e+00,2.243716596785034323e+00,0.000000000000000000e+00,-0.000000000000000000e+00,0.000000000000000000e+00,6.701165523787580014e-01,-7.422558899921288811e-01
9.519072890543250898e-01,2.321777684072112713e+00,0.000000000000000000e+00,-0.000000000000000000e+00,0.000000000000000000e+00,7.202612133801996608e-01,-6.937029511974722729e-01
1.170693962241045938e+00,2.303596780117686205e+00,0.000000000000000000e+00,-0.000000000000000000e+00,0.000000000000000000e+00,6.746739655074204256e-01,-7.381158718429593479e-01
8.909638386932030585e-01,2.182970470692267906e+00,0.000000000000000000e+00,-0.000000000000000000e+00,0.000000000000000000e+00,7.516433804268219943e-01,-6.595697299456212415e-01
1.124232125497695911e+00,2.313596118361916698e+00,0.000000000000000000e+00,-0.000000000000000000e+00,0.000000000000000000e+00,7.075482300126746393e-01,-7.066650565904127879e-01
1.144597119812035046e+00,2.258917448625008539e+00,0.000000000000000000e+00,-0.000000000000000000e+00,0.000000000000000000e+00,6.598729351183961755e-01,-7.513772085299320613e-01
1.223325064702382114e+00,2.164476420287333003e+00,0.000000000000000000e+00,-0.000000000000000000e+00,0.000000000000000000e+00,6.830563992957208175e-01,-7.303656312978895615e-01
1.119225777913080533e+00,2.265699329100613557e+00,0.000000000000000000e+00,-0.000000000000000000e+00,0.000000000000000000e+00,7.200337127455685993e-01,-6.939390841492010242e-01
1.289405077987453518e+00,2.307096138999785495e+00,0.000000000000000000e+00,-0.000000000000000000e+00,0.000000000000000000e+00,6.853058593014745847e-01,-7.282553667547307930e-01
1.163689709799001770e+00,2.256661628850975099e+00,0.000000000000000000e+00,-0.000000000000000000e+00,0.000000000000000000e+00,6.872859229103581713e-01,-7.263869906387759867e-01
1.089445733089873691e+00,2.192460383785638012e+00,0.000000000000000000e+00,-0.000000000000000000e+00,0.000000000000000000e+00,6.372606658978876570e-01,-7.706483268647125184e-01
1.243938856773606272e+00,2.232110819629852916e+00,0.000000000000000000e+00,-0.000000000000000000e+00,0.000000000000000000e+00,6.502007778264263793e-01,-7.597624289960054345e-01
1.046193466744585132e+00,2.344899296985117676e+00,0.000000000000000000e+00,-0.000000000000000000e+00,0.000000000000000000e+00,7.146561731159364328e-01,-6.994759139722287467e-01
1.159409967359315008e+00,2.154829704881690233e+00,0.000000000000000000e+00,-0.000000000000000000e+00,0.000000000000000000e+00,7.177317729593102325e-01,-6.963196838268218558e-01
1.052864737069955092e+00,2.180167177401297174e+00,0.000000000000000000e+00,-0.000000000000000000e+00,0.000000000000000000e+00,7.078997601873497914e-01,-7.063129119071041018e-01
1.052126224362078588e+00,2.175878953245726777e+00,0.000000000000000000e+00,-0.000000000000000000e+00,0.000000000000000000e+00,6.741507096691579104e-01,-7.385938130343163710e-01
9.509644586280523448e-01,2.252959669129074527e+00,0.000000000000000000e+00,-0.000000000000000000e+00,0.000000000000000000e+00,7.427452886860558268e-01,-6.695740706857363778e-01
1.076263350080259640e+00,2.232174219857357755e+00,0.000000000000000000e+00,-0.000000000000000000e+00,0.000000000000000000e+00,6.906211597888464171e-01,-7.232167127852541233e-01
1.092085097551738659e+00,2.171591004495105004e+00,0.000000000000000000e+00,-0.000000000000000000e+00,0.000000000000000000e+00,6.593258130574003451e-01,-7.518573483289220372e-01
1.157020542336480773e+00,2.222312957542607936e+00,0.000000000000000000e+00,-0.000000000000000000e+00,0.000000000000000000e+00,7.187962482465177771e-01,-6.952207947887709683e-01
1.077479225745593627e+00,2.285613213022911427e+00,0.000000000000000000e+00,-0.000000000000000000e+00,0.000000000000000000e+00,6.911984290300779987e-01,-7.226650203976613396e-01
9.746002142749280450e-01,2.121922596411585982e+00,0.000000000000000000e+00,-0.000000000000000000e+00,0.000000000000000000e+00,6.856682645472655935e-01,-7.279141645776244784e-01
1.109607171455587071e+00,2.259095834329742480e+00,0.000000000000000000e+00,-0.000000000000000000e+00,0.000000000000000000e+00,6.889953836842527268e-01,-7.247657285370144864e-01
1.058910518962075331e+00,2.205516020963642188e+00,0.000000000000000000e+00,-0.000000000000000000e+00,0.000000000000000000e+00,6.984999865833751986e-01,-7.156100675249228438e-01
1.023653671031664381e+00,2.163283179611303009e+00,0.000000000000000000e+00,-0.000000000000000000e+00,0.000000000000000000e+00,7.004350390454432418e-01,-7.137161593220433531e-01
1.066083901258601196e+00,2.199786763495621855e+00,0.000000000000000000e+00,-0.000000000000000000e+00,0.000000000000000000e+00,7.096154036149805444e-01,-7.045892271049482014e-01
1.005600417494896037e+00,2.321756904353349249e+00,0.000000000000000000e+00,-0.000000000000000000e+00,0.000000000000000000e+00,7.202201004868289402e-01,-6.937456355572566569e-01
1.124642341851820326e+00,2.278392051261875828e+00,0.000000000000000000e+00,-0.000000000000000000e+00,0.000000000000000000e+00,6.674036497030828574e-01,-7.446961584183208194e-01
1.123226714636534451e+00,2.204538525668589877e+00,0.000000000000000000e+00,-0.000000000000000000e+00,0.000000000000000000e+00,7.131112839636742917e-01,-7.010508517102592707e-01
1.059755040905842050e+00,2.355925750611253644e+00,0.000000000000000000e+00,-0.000000000000000000e+00,0.000000000000000000e+00,7.165489782414760089e-01,-6.975367816689646006e-01
1.266171931623936819e+00,2.218799672426642555e+00,0.000000000000000000e+00,-0.000000000000000000e+00,0.000000000000000000e+00,6.540299807245599784e-01,-7.564686274482449457e-01
1.106558342901338587e+00,2.198283225673267616e+00,0.000000000000000000e+00,-0.000000000000000000e+00,0.000000000000000000e+00,6.598736957828139627e-01,-7.513765405001212594e-01
1.099917198644891903e+00,2.159269900829578148e+00,0.000000000000000000e+00,-0.000000000000000000e+00,0.000000000000000000e+00,6.764701417196183897e-01,-7.364700587001751231e-01
1.142524026748758637e+00,2.330352574602324811e+00,0.000000000000000000e+00,-0.000000000000000000e+00,0.000000000000000000e+00,6.841830732276641402e-01,-7.293103059115157993e-01
9.655564714621733824e-01,6.012460240354335905e-01,0.000000000000000000e+00,-0.000000000000000000e+00,0.000000000000000000e+00,9.993916527104849123e-01,-3.487584396979385298e-02
1.058942144243077310e+00,2.178457235694661431e+00,0.000000000000000000e+00,-0.000000000000000000e+00,0.000000000000000000e+00,6.549979433004963214e-01,-7.556306599603538343e-01
1.126035885532999270e+00,2.278383083561934086e+00,0.000000000000000000e+00,-0.000000000000000000e+00,0.000000000000000000e+00,6.742321166014269007e-01,-7.385195007196220240e-01
1.057629940526306767e+00,2.204522991404664456e+00,0.000000000000000000e+00,-0.000000000000000000e+00,0.000000000000000000e+00,6.923208671049539964e-01,-7.215897844142782347e-01
1.068194414269515446e+00,2.176554020985836058e+00,0.000000000000000000e+00,-0.000000000000000000e+00,0.000000000000000000e+00,6.584787352039137565e-01,-7.525993325031945513e-01
1.036792862932524706e+00,2.251883812082292824e+00,0.000000000000000000e+00,-0.000000000000000000e+00,0.000000000000000000e+00,7.197763451962442272e-01,-6.942060305816545318e-01
1.252034747718775654e+00,2.190549202089172809e+00,0.000000000000000000e+00,-0.000000000000000000e+00,0.000000000000000000e+00,6.450572435072187139e-01,-7.641342503767704075e-01
1.030507067653934072e+00,2.159410865997859030e+00,0.000000000000000000e+00,-0.000000000000000000e+00,0.000000000000000000e+00,6.680486976981337977e-01,-7.441175562394879428e-01
1.157482364732860036e+00,2.378070023036643832e+00,0.000000000000000000e+00,-0.000000000000000000e+00,0.000000000000000000e+00,7.014571213770006697e-01,-7.127116575933718501e-01
1.192782543910180681e+00,2.212015484232589202e+00,0.000000000000000000e+00,-0.000000000000000000e+00,0.000000000000000000e+00,6.827101457076266700e-01,-7.306893026094409826e-01
1.257258637277451463e+00,2.154815897220845766e+00,0.000000000000000000e+00,-0.000000000000000000e+00,0.000000000000000000e+00,6.573169971728034522e-01,-7.536142018484848215e-01
9.440620994714584713e-01,2.304627885199984405e+00,0.000000000000000000e+00,-0.000000000000000000e+00,0.000000000000000000e+00,7.299525902522461251e-01,-6.834977805260500361e-01
1.122709354428806261e+00,2.169319758890547067e+00,0.000000000000000000e+00,-0.000000000000000000e+00,0.000000000000000000e+00,6.968967424456672388e-01,-7.171714790540804074e-01
9.771519687551106781e-01,2.130403180909556493e+00,0.000000000000000000e+00,-0.000000000000000000e+00,0.000000000000000000e+00,6.709137604806110211e-01,-7.415353841845750971e-01
1.081600366910526745e+00,2.274785935574884732e+00,0.000000000000000000e+00,-0.000000000000000000e+00,0.000000000000000000e+00,6.868124426003558991e-01,-7.268346914459523633e-01
1.112017306304813102e+00,2.082537012891108930e+00,0.000000000000000000e+00,-0.000000000000000000e+00,0.000000000000000000e+00,6.576760461335580121e-01,-7.533008816815032205e-01
1.045931544631848675e+00,2.219898485834141066e+00,0.000000000000000000e+00,-0.000000000000000000e+00,0.000000000000000000e+00,7.158809030110697691e-01,-6.982224091964216450e-01
1.120427068247817903e+00,2.268785077183906207e+00,0.000000000000000000e+00,-0.000000000000000000e+00,0.000000000000000000e+00,7.103399678223640823e-01,-7.038587430117798638e-01
1.105070161795811412e+00,2.250982642685526613e+00,0.000000000000000000e+00,-0.000000000000000000e+00,0.000000000000000000e+00,6.925688035891089944e-01,-7.213518228265248800e-01
1.063659705692663326e+00,2.239889922865156535e+00,0.000000000000000000e+00,-0.000000000000000000e+00,0.000000000000000000e+00,7.063722908472054307e-01,-7.078405093827782046e-01
1.095871385136884646e+00,2.237614820716636643e+00,0.000000000000000000e+00,-0.000000000000000000e+00,0.000000000000000000e+00,6.855609834175306894e-01,-7.280152045222600954e-01
1.160492809190502683e+00,2.167954855958466709e+00,0.000000000000000000e+00,-0.000000000000000000e+00,0.000000000000000000e+00,6.602654256820901235e-01,-7.510323346227166796e-01
1.189302985414615321e+00,2.151905116229260173e+00,0.000000000000000000e+00,-0.000000000000000000e+00,0.000000000000000000e+00,6.971555739013133302e-01,-7.169198740293997174e-01
1.088534020742773389e+00,2.232955180012134555e+00,0.000000000000000000e+00,-0.000000000000000000e+00,0.000000000000000000e+00,6.970561077988994825e-01,-7.170165845921898651e-01
1.353159090276609078e+00,2.176666962823983642e+00,0.000000000000000000e+00,-0.000000000000000000e+00,0.000000000000000000e+00,6.438735802130656216e-01,-7.651318923581795772e-01
1.151784885125357594e+00,2.275790034544849405e+00,0.000000000000000000e+00,-0.000000000000000000e+00,0.000000000000000000e+00,7.300096482992283198e-01,-6.834368393568179822e-01
1.199428273592145988e+00,2.308528245653063138e+00,0.000000000000000000e+00,-0.000000000000000000e+00,0.000000000000000000e+00,6.455685186151424171e-01,-7.637023554848122453e-01
1.216483980427618405e+00,2.149552536682945103e+00,0.000000000000000000e+00,-0.000000000000000000e+00,0.000000000000000000e+00,5.874361879883367443e-01,-8.092704894173093910e-01
1.163455866373731551e+00,2.291065898500796560e+00,0.000000000000000000e+00,-0.000000000000000000e+00,0.000000000000000000e+00,6.883957212675418935e-01,-7.253353231027294123e-01
1.157482364732860036e+00,2.378070023036643832e+00,0.000000000000000000e+00,-0.000000000000000000e+00,0.000000000000000000e+00,7.014571213770006697e-01,-7.127116575933718501e-01
1.189516826660894422e+00,2.254172815529870366e+00,0.000000000000000000e+00,-0.000000000000000000e+00,0.000000000000000000e+00,6.728814021645377341e-01,-7.397503758843827493e-01
1.088261229466747082e+00,2.196235424920462087e+00,0.000000000000000000e+00,-0.000000000000000000e+00,0.000000000000000000e+00,6.915806712659774425e-01,-7.222992282505221739e-01
1.062559817155724673e+00,2.215529760553023308e+00,0.000000000000000000e+00,-0.000000000000000000e+00,0.000000000000000000e+00,6.568407810866617735e-01,-7.540293020178088224e-01
1.195102438245285947e+00,2.131910794825107036e+00,0.000000000000000000e+00,-0.000000000000000000e+00,0.000000000000000000e+00,7.044280968099038143e-01,-7.097753563098516683e-01
1.284884904771570469e+00,2.180713997188083120e+00,0.000000000000000000e+00,-0.000000000000000000e+00,0.000000000000000000e+00,6.807745138162943910e-01,-7.324930452490234778e-01
1.035086500233350471e+00,2.164039548166501348e+00,0.000000000000000000e+00,-0.000000000000000000e+00,0.000000000000000000e+00,7.099907038866893894e-01,-7.042110481911536546e-01
1.185906516350242468e+00,2.298890740063037175e+00,0.000000000000000000e+00,-0.000000000000000000e+00,0.000000000000000000e+00,7.055258106467806600e-01,-7.086842248217488649e-01
1.112813205102231695e+00,2.205363225109028491e+00,0.000000000000000000e+00,-0.000000000000000000e+00,0.000000000000000000e+00,6.869181033091766864e-01,-7.267348342732191657e-01
1.170693962241045938e+00,2.303596780117686205e+00,0.000000000000000000e+00,-0.000000000000000000e+00,0.000000000000000000e+00,6.746739655074204256e-01,-7.381158718429593479e-01
1.176724083249655273e+00,2.274304404685652869e+00,0.000000000000000000e+00,-0.000000000000000000e+00,0.000000000000000000e+00,7.106231075691169519e-01,-7.035728810782939657e-01
1.075055109394815300e+00,2.161681537985991053e+00,0.000000000000000000e+00,-0.000000000000000000e+00,0.000000000000000000e+00,7.247239218068913802e-01,-6.890393582088317759e-01
1.094413593714311350e+00,2.185478045845338890e+00,0.000000000000000000e+00,-0.000000000000000000e+00,0.000000000000000000e+00,7.217086882076124699e-01,-6.921969151662316078e-01
1.050940825065114215e+00,2.181443315785028592e+00,0.000000000000000000e+00,-0.000000000000000000e+00,0.000000000000000000e+00,6.739041884077937583e-01,-7.388187496581505309e-01
1.066627756264063365e+00,2.266158209382247435e+00,0.000000000000000000e+00,-0.000000000000000000e+00,0.000000000000000000e+00,7.286265084990032337e-01,-6.849112432370721981e-01
1.118328523766275007e+00,2.260594622565214706e+00,0.000000000000000000e+00,-0.000000000000000000e+00,0.000000000000000000e+00,6.672193450478385301e-01,-7.448612928552089674e-01
1.123226714636534451e+00,2.204538525668589877e+00,0.000000000000000000e+00,-0.000000000000000000e+00,0.000000000000000000e+00,7.131112839636742917e-01,-7.010508517102592707e-01
1.139875372320197533e+00,2.272608834579487702e+00,0.000000000000000000e+00,-0.000000000000000000e+00,0.000000000000000000e+00,6.945413916208591498e-01,-7.194527471108581596e-01
1.144584203638500108e+00,2.157793399888258357e+00,0.000000000000000000e+00,-0.000000000000000000e+00,0.000000000000000000e+00,6.739555976150545247e-01,-7.387718541223229352e-01
1.110033022210965559e+00,2.254424424844218677e+00,0.000000000000000000e+00,-0.000000000000000000e+00,0.000000000000000000e+00,7.020276172127134506e-01,-7.121497206842392069e-01
1.038163951847523414e+00,2.228552548339144845e+00,0.000000000000000000e+00,-0.000000000000000000e+00,0.000000000000000000e+00,7.277707861375184439e-01,-6.858204450472282776e-01
1.091802806125738989e+00,2.145018816549223661e+00,0.000000000000000000e+00,-0.000000000000000000e+00,0.000000000000000000e+00,6.964898928234851683e-01,-7.175666026193876501e-01
1.250889175819954957e+00,2.284363959188335347e+00,0.000000000000000000e+00,-0.000000000000000000e+00,0.000000000000000000e+00,6.790040647169635069e-01,-7.341345109023561522e-01
1.092085097551738659e+00,2.171591004495105004e+00,0.000000000000000000e+00,-0.000000000000000000e+00,0.000000000000000000e+00,6.593258130574003451e-01,-7.518573483289220372e-01
1.006886340449692829e+00,2.158220744379531819e+00,0.000000000000000000e+00,-0.000000000000000000e+00,0.000000000000000000e+00,7.058482718015143265e-01,-7.083630546512258430e-01
9.598475793057675842e-01,2.148351109228502587e+00,0.000000000000000000e+00,-0.000000000000000000e+00,0.000000000000000000e+00,7.305438581926917418e-01,-6.828657783612650523e-01
9.234306955240830783e-01,2.192768295382866661e+00,0.000000000000000000e+00,-0.000000000000000000e+00,0.000000000000000000e+00,7.154385279227568617e-01,-6.986756849667223879e-01
1.059755040905842050e+00,2.355925750611253644e+00,0.000000000000000000e+00,-0.000000000000000000e+00,0.000000000000000000e+00,7.165489782414760089e-01,-6.975367816689646006e-01
1.066083901258601196e+00,2.199786763495621855e+00,0.000000000000000000e+00,-0.000000000000000000e+00,0.000000000000000000e+00,7.096154036149805444e-01,-7.045892271049482014e-01
9.749366721093334354e-01,2.113179021200758623e+00,0.000000000000000000e+00,-0.000000000000000000e+00,0.000000000000000000e+00,6.969244535780778627e-01,-7.171445502859918886e-01
1.145573664018772586e+00,2.215203034590933484e+00,0.000000000000000000e+00,-0.000000000000000000e+00,0.000000000000000000e+00,6.552080768579893189e-01,-7.554484602009955418e-01
9.604108040892046505e-01,2.142979633497794190e+00,0.000000000000000000e+00,-0.000000000000000000e+00,0.000000000000000000e+00,7.210938290236836856e-01,-6.928374194166784239e-01
1.099822712301096628e+00,2.250621302796031120e+00,0.000000000000000000e+00,-0.000000000000000000e+00,0.000000000000000000e+00,7.049925686644350487e-01,-7.092146911393769626e-01
1.136870298381629896e+00,2.295529231628787858e+00,0.000000000000000000e+00,-0.000000000000000000e+00,0.000000000000000000e+00,6.942346424786706161e-01,-7.197487486494938969e-01
1.121156112919595493e+00,2.219519420448378355e+00,0.000000000000000000e+00,-0.000000000000000000e+00,0.000000000000000000e+00,7.012945906404718377e-01,-7.128715853072087327e-01
1.038173070773996454e+00,2.164192209630166897e+00,0.000000000000000000e+00,-0.000000000000000000e+00,0.000000000000000000e+00,6.916511261275124500e-01,-7.222317631664672000e-01
1.234283246586378668e+00,2.178014421007193668e+00,0.000000000000000000e+00,-0.000000000000000000e+00,0.000000000000000000e+00,6.782737732059869185e-01,-7.348092872173795920e-01
1.085183226886664576e+00,2.247108470363286870e+00,0.000000000000000000e+00,-0.000000000000000000e+00,0.000000000000000000e+00,6.901957380614697213e-01,-7.236227215626822584e-01
1.004585208099080695e+00,2.178792891917094021e+00,0.000000000000000000e+00,-0.000000000000000000e+00,0.000000000000000000e+00,7.231929705641527706e-01,-6.906460217264677182e-01
8.969889604364490454e-01,6.305370043876917796e-01,0.000000000000000000e+00,-0.000000000000000000e+00,0.000000000000000000e+00,9.999354200821881644e-01,-1.136466739759161085e-02
9.722835154148908865e-01,2.218547039658258946e+00,0.000000000000000000e+00,-0.000000000000000000e+00,0.000000000000000000e+00,7.247650445913706996e-01,-6.889961031373605937e-01
1.051610340639248298e+00,2.319633485443734600e+00,0.000000000000000000e+00,-0.000000000000000000e+00,0.000000000000000000e+00,6.552372996285051876e-01,-7.554231140066767214e-01
1.172837576211996247e+00,2.224307319459509991e+00,0.000000000000000000e+00,-0.000000000000000000e+00,0.000000000000000000e+00,6.696380597510681598e-01,-7.426875984778693596e-01
9.539694523073684040e-01,2.122724342180790646e+00,0.000000000000000000e+00,-0.000000000000000000e+00,0.000000000000000000e+00,7.193443689877282443e-01,-6.946536394532509817e-01
1.020037951965373502e+00,2.329536490431467932e+00,0.000000000000000000e+00,-0.000000000000000000e+00,0.000000000000000000e+00,7.203553904433105393e-01,-6.936051553003809156e-01
1.102662977953781986e+00,2.217776552837339654e+00,0.000000000000000000e+00,-0.000000000000000000e+00,0.000000000000000000e+00,6.837164183731191391e-01,-7.297478052361883183e-01
1.178305405798473204e+00,2.233337797924893842e+00,0.000000000000000000e+00,-0.000000000000000000e+00,0.000000000000000000e+00,7.225004382670269232e-01,-6.913704627071900477e-01
1.223181991872502428e+00,2.183483068510738700e+00,0.000000000000000000e+00,-0.000000000000000000e+00,0.000000000000000000e+00,6.920471108858409215e-01,-7.218523369184036698e-01
1.135459151611376338e+00,2.258347596467474627e+00,0.000000000000000000e+00,-0.000000000000000000e+00,0.000000000000000000e+00,6.940626850608212495e-01,-7.199145707694513119e-01
1.103504819608117415e+00,2.136307219860121620e+00,0.000000000000000000e+00,-0.000000000000000000e+00,0.000000000000000000e+00,6.983773896260878633e-01,-7.157297127121742264e-01
1.045128297285661034e+00,2.205153103250479418e+00,0.000000000000000000e+00,-0.000000000000000000e+00,0.000000000000000000e+00,7.048788337985926189e-01,-7.093277307865075709e-01
1.123831045547375895e+00,2.281102119120379523e+00,0.000000000000000000e+00,-0.000000000000000000e+00,0.000000000000000000e+00,7.006538072938270911e-01,-7.135013961616786249e-01
1.045128297285661034e+00,2.205153103250479418e+00,0.000000000000000000e+00,-0.000000000000000000e+00,0.000000000000000000e+00,7.048788337985926189e-01,-7.093277307865075709e-01
1.147780014973473373e+00,2.164183791003696733e+00,0.000000000000000000e+00,-0.000000000000000000e+00,0.000000000000000000e+00,7.032911389439140404e-01,-7.109019439296618836e-01
1.136870298381629896e+00,2.295529231628787858e+00,0.000000000000000000e+00,-0.000000000000000000e+00,0.000000000000000000e+00,6.942346424786706161e-01,-7.197487486494938969e-01
1.129434576769022813e+00,2.266917153672047380e+00,0.000000000000000000e+00,-0.000000000000000000e+00,0.000000000000000000e+00,6.957871542398849085e-01,-7.182480323640035857e-01
1.103767944223521758e+00,2.316894443610229004e+00,0.000000000000000000e+00,-0.000000000000000000e+00,0.000000000000000000e+00,6.777675174381917467e-01,-7.352762693747638689e-01
1.108841468706105671e+00,2.163243132009930569e+00,0.000000000000000000e+00,-0.000000000000000000e+00,0.000000000000000000e+00,6.818835227975764690e-01,-7.314607722476763607e-01
1.257998193484820559e+00,2.233246575418744939e+00,0.000000000000000000e+00,-0.000000000000000000e+00,0.000000000000000000e+00,6.763938623706470255e-01,-7.365401163190761213e-01
1.132668039015036543e+00,2.227456068181633775e+00,0.000000000000000000e+00,-0.000000000000000000e+00,0.000000000000000000e+00,7.077543345308533462e-01,-7.064586342828494958e-01
1.078213746071853052e+00,2.290465897482967250e+00,0.000000000000000000e+00,-0.000000000000000000e+00,0.000000000000000000e+00,7.128047003366339007e-01,-7.013625732657835510e-01
1.172137484772870497e+00,2.147189859229787334e+00,0.000000000000000000e+00,-0.000000000000000000e+00,0.000000000000000000e+00,6.869636449340217332e-01,-7.266917851049118360e-01
9.447958152276196842e-01,2.261751281160906402e+00,0.000000000000000000e+00,-0.000000000000000000e+00,0.000000000000000000e+00,7.111725152132406524e-01,-7.030175343512229391e-01
1.290165978220838783e+00,2.213346350900030401e+00,0.000000000000000000e+00,-0.000000000000000000e+00,0.000000000000000000e+00,6.767297130246896497e-01,-7.362315501997460654e-01
1.170585478435054005e+00,2.187074460564744527e+00,0.000000000000000000e+00,-0.000000000000000000e+00,0.000000000000000000e+00,6.658611074753323367e-01,-7.460757237383641716e-01
9.556394279813370529e-01,2.237346836191918431e+00,0.000000000000000000e+00,-0.000000000000000000e+00,0.000000000000000000e+00,7.297122797574844277e-01,-6.837543336397472471e-01
8.636337946461621895e-01,2.159509280926360741e+00,0.000000000000000000e+00,-0.000000000000000000e+00,0.000000000000000000e+00,7.292148307743898661e-01,-6.842848314690878064e-01
1.228815485383035533e+00,2.160815362485353663e+00,0.000000000000000000e+00,-0.000000000000000000e+00,0.000000000000000000e+00,6.726737450204056668e-01,-7.399392088274699963e-01
1.085663197972050131e+00,2.133580893770619991e+00,0.000000000000000000e+00,-0.000000000000000000e+00,0.000000000000000000e+00,6.470095351840485787e-01,-7.624819088876282347e-01
1.080247634585465910e+00,2.208196252616443811e+00,0.000000000000000000e+00,-0.000000000000000000e+00,0.000000000000000000e+00,6.906702274128222463e-01,-7.231698534684091184e-01
1.227486245393387687e+00,2.168339336306890353e+00,0.000000000000000000e+00,-0.000000000000000000e+00,0.000000000000000000e+00,6.765499939204102642e-01,-7.363967040436104616e-01
1.242830012991323008e+00,2.197956474290617024e+00,0.000000000000000000e+00,-0.000000000000000000e+00,0.000000000000000000e+00,6.647166979291080358e-01,-7.470955169817463659e-01
1.330405023358654626e+00,2.327595233824602428e+00,0.000000000000000000e+00,-0.000000000000000000e+00,0.000000000000000000e+00,6.833650160359419079e-01,-7.300768828405655997e-01
1.232277361011941075e+00,2.158125283515321069e+00,0.000000000000000000e+00,-0.000000000000000000e+00,0.000000000000000000e+00,6.547648739582128119e-01,-7.558326268629091960e-01
1.108918603575262285e+00,2.419925633915277707e+00,0.000000000000000000e+00,-0.000000000000000000e+00,0.000000000000000000e+00,6.311322654968753998e-01,-7.756752306531269348e-01
9.352938095929619333e-01,2.287787469479865443e+00,0.000000000000000000e+00,-0.000000000000000000e+00,0.000000000000000000e+00,7.088487527065966409e-01,-7.053605076741270574e-01
1.234006378300776641e+00,2.232527641303805765e+00,0.000000000000000000e+00,-0.000000000000000000e+00,0.000000000000000000e+00,6.669057090521007813e-01,-7.451421174740524567e-01
1.002185187878084749e+00,2.231067228389090218e+00,0.000000000000000000e+00,-0.000000000000000000e+00,0.000000000000000000e+00,6.836111537612460376e-01,-7.298464156610060538e-01
1.136780783464508504e+00,2.227461575629388069e+00,0.000000000000000000e+00,-0.000000000000000000e+00,0.000000000000000000e+00,6.726244052302371434e-01,-7.399840602936456069e-01
1.102613023301525219e+00,2.185226535983431528e+00,0.000000000000000000e+00,-0.000000000000000000e+00,0.000000000000000000e+00,6.738582782404063387e-01,-7.388606234242525161e-01
1.268889380630580765e+00,2.192544399645471209e+00,0.000000000000000000e+00,-0.000000000000000000e+00,0.000000000000000000e+00,6.959521186737276377e-01,-7.180881899276366775e-01
1.136490118797870652e+00,2.187453375867212557e+00,0.000000000000000000e+00,-0.000000000000000000e+00,0.000000000000000000e+00,6.975236922680463358e-01,-7.165617201084298893e-01
1.145720937833373920e+00,2.191610351219138053e+00,0.000000000000000000e+00,-0.000000000000000000e+00,0.000000000000000000e+00,6.870005547097490783e-01,-7.266568914064580609e-01
1.234283246586378668e+00,2.178014421007193668e+00,0.000000000000000000e+00,-0.000000000000000000e+00,0.000000000000000000e+00,6.782737732059869185e-01,-7.348092872173795920e-01
1.140223691519423488e+00,2.183610199561914378e+00,0.000000000000000000e+00,-0.000000000000000000e+00,0.000000000000000000e+00,7.117426207248745973e-01,-7.024403475340004199e-01
1.176724083249655273e+00,2.274304404685652869e+00,0.000000000000000000e+00,-0.000000000000000000e+00,0.000000000000000000e+00,7.106231075691169519e-01,-7.035728810782939657e-01
9.476504822852606091e-01,2.269822099059461973e+00,0.000000000000000000e+00,-0.000000000000000000e+00,0.000000000000000000e+00,7.153039838791226401e-01,-6.988134304996261870e-01
1.267657887471624001e+00,2.331824885789838930e+00,0.000000000000000000e+00,-0.000000000000000000e+00,0.000000000000000000e+00,6.565495992188318253e-01,-7.542828539517462128e-01
